[     327ms] [WARNING] cdn.tailwindcss.com should not be used in production. To use Tailwind CSS in production, install it as a PostCSS plugin or use the Tailwind CLI: https://tailwindcss.com/docs/installation @ https://cdn.tailwindcss.com/:63
[     398ms] [INFO] %cDownload the React DevTools for a better development experience: https://react.dev/link/react-devtools font-weight:bold @ http://localhost:5199/node_modules/.vite/deps/react-dom_client.js?v=1e9f6007:20102
[   57577ms] [ERROR] Failed to load resource: the server responded with a status of 404 (Not Found) @ http://localhost:5199/__wavetest.tsx?t=1783169711000:0
[   57578ms] [ERROR] [vite] Failed to reload /__wavetest.tsx. This could be due to syntax errors or importing non-existent modules. (see errors above) @ http://localhost:5199/@vite/client:881
[   57692ms] [WARNING] cdn.tailwindcss.com should not be used in production. To use Tailwind CSS in production, install it as a PostCSS plugin or use the Tailwind CLI: https://tailwindcss.com/docs/installation @ https://cdn.tailwindcss.com/:63
[   57984ms] [WARNING] An import map rule for specifier 'react-dom/' was removed, as it conflicted with an existing rule. @ http://localhost:5199/__wavetest.html:0
[   57985ms] [WARNING] An import map rule for specifier 'react' was removed, as it conflicted with an existing rule. @ http://localhost:5199/__wavetest.html:0
[   57985ms] [WARNING] An import map rule for specifier 'react/' was removed, as it conflicted with an existing rule. @ http://localhost:5199/__wavetest.html:0
[   59030ms] [INFO] %cDownload the React DevTools for a better development experience: https://react.dev/link/react-devtools font-weight:bold @ http://localhost:5199/node_modules/.vite/deps/react-dom_client.js?v=1e9f6007:20102
[   59076ms] [LOG] [vite] server connection lost. Polling for restart... @ http://localhost:5199/@vite/client:963
[   59158ms] [VERBOSE] [DOM] Password field is not contained in a form: (More info: https://goo.gl/9p2vKq) %o @ http://localhost:5199/__wavetest.html:0
[   61439ms] [ERROR] WebSocket connection to 'ws://localhost:5199/' failed: Error in connection establishment: net::ERR_CONNECTION_REFUSED @ http://localhost:5199/@vite/client:1034
[   64810ms] [ERROR] WebSocket connection to 'ws://localhost:5199/' failed: Error in connection establishment: net::ERR_CONNECTION_REFUSED @ http://localhost:5199/@vite/client:1034
[   68178ms] [ERROR] WebSocket connection to 'ws://localhost:5199/' failed: Error in connection establishment: net::ERR_CONNECTION_REFUSED @ http://localhost:5199/@vite/client:1034
[   71555ms] [ERROR] WebSocket connection to 'ws://localhost:5199/' failed: Error in connection establishment: net::ERR_CONNECTION_REFUSED @ http://localhost:5199/@vite/client:1034
[   74924ms] [ERROR] WebSocket connection to 'ws://localhost:5199/' failed: Error in connection establishment: net::ERR_CONNECTION_REFUSED @ http://localhost:5199/@vite/client:1034
[   78278ms] [ERROR] WebSocket connection to 'ws://localhost:5199/' failed: Error in connection establishment: net::ERR_CONNECTION_REFUSED @ http://localhost:5199/@vite/client:1034
[   81628ms] [ERROR] WebSocket connection to 'ws://localhost:5199/' failed: Error in connection establishment: net::ERR_CONNECTION_REFUSED @ http://localhost:5199/@vite/client:1034
[   84989ms] [ERROR] WebSocket connection to 'ws://localhost:5199/' failed: Error in connection establishment: net::ERR_CONNECTION_REFUSED @ http://localhost:5199/@vite/client:1034
[   88353ms] [ERROR] WebSocket connection to 'ws://localhost:5199/' failed: Error in connection establishment: net::ERR_CONNECTION_REFUSED @ http://localhost:5199/@vite/client:1034
[   91723ms] [ERROR] WebSocket connection to 'ws://localhost:5199/' failed: Error in connection establishment: net::ERR_CONNECTION_REFUSED @ http://localhost:5199/@vite/client:1034
[   95090ms] [ERROR] WebSocket connection to 'ws://localhost:5199/' failed: Error in connection establishment: net::ERR_CONNECTION_REFUSED @ http://localhost:5199/@vite/client:1034
[   98450ms] [ERROR] WebSocket connection to 'ws://localhost:5199/' failed: Error in connection establishment: net::ERR_CONNECTION_REFUSED @ http://localhost:5199/@vite/client:1034
[  101825ms] [ERROR] WebSocket connection to 'ws://localhost:5199/' failed: Error in connection establishment: net::ERR_CONNECTION_REFUSED @ http://localhost:5199/@vite/client:1034
[  105198ms] [ERROR] WebSocket connection to 'ws://localhost:5199/' failed: Error in connection establishment: net::ERR_CONNECTION_REFUSED @ http://localhost:5199/@vite/client:1034
[  108572ms] [ERROR] WebSocket connection to 'ws://localhost:5199/' failed: Error in connection establishment: net::ERR_CONNECTION_REFUSED @ http://localhost:5199/@vite/client:1034
[  111926ms] [ERROR] WebSocket connection to 'ws://localhost:5199/' failed: Error in connection establishment: net::ERR_CONNECTION_REFUSED @ http://localhost:5199/@vite/client:1034
[  115304ms] [ERROR] WebSocket connection to 'ws://localhost:5199/' failed: Error in connection establishment: net::ERR_CONNECTION_REFUSED @ http://localhost:5199/@vite/client:1034
[  118676ms] [ERROR] WebSocket connection to 'ws://localhost:5199/' failed: Error in connection establishment: net::ERR_CONNECTION_REFUSED @ http://localhost:5199/@vite/client:1034
[  122032ms] [ERROR] WebSocket connection to 'ws://localhost:5199/' failed: Error in connection establishment: net::ERR_CONNECTION_REFUSED @ http://localhost:5199/@vite/client:1034
[  125390ms] [ERROR] WebSocket connection to 'ws://localhost:5199/' failed: Error in connection establishment: net::ERR_CONNECTION_REFUSED @ http://localhost:5199/@vite/client:1034
[  128772ms] [ERROR] WebSocket connection to 'ws://localhost:5199/' failed: Error in connection establishment: net::ERR_CONNECTION_REFUSED @ http://localhost:5199/@vite/client:1034
[  132159ms] [ERROR] WebSocket connection to 'ws://localhost:5199/' failed: Error in connection establishment: net::ERR_CONNECTION_REFUSED @ http://localhost:5199/@vite/client:1034
[  135534ms] [ERROR] WebSocket connection to 'ws://localhost:5199/' failed: Error in connection establishment: net::ERR_CONNECTION_REFUSED @ http://localhost:5199/@vite/client:1034
[  138918ms] [ERROR] WebSocket connection to 'ws://localhost:5199/' failed: Error in connection establishment: net::ERR_CONNECTION_REFUSED @ http://localhost:5199/@vite/client:1034
[  142300ms] [ERROR] WebSocket connection to 'ws://localhost:5199/' failed: Error in connection establishment: net::ERR_CONNECTION_REFUSED @ http://localhost:5199/@vite/client:1034
[  145692ms] [ERROR] WebSocket connection to 'ws://localhost:5199/' failed: Error in connection establishment: net::ERR_CONNECTION_REFUSED @ http://localhost:5199/@vite/client:1034
[  149074ms] [ERROR] WebSocket connection to 'ws://localhost:5199/' failed: Error in connection establishment: net::ERR_CONNECTION_REFUSED @ http://localhost:5199/@vite/client:1034
[  152456ms] [ERROR] WebSocket connection to 'ws://localhost:5199/' failed: Error in connection establishment: net::ERR_CONNECTION_REFUSED @ http://localhost:5199/@vite/client:1034
[  155846ms] [ERROR] WebSocket connection to 'ws://localhost:5199/' failed: Error in connection establishment: net::ERR_CONNECTION_REFUSED @ http://localhost:5199/@vite/client:1034
[  159226ms] [ERROR] WebSocket connection to 'ws://localhost:5199/' failed: Error in connection establishment: net::ERR_CONNECTION_REFUSED @ http://localhost:5199/@vite/client:1034
[  162618ms] [ERROR] WebSocket connection to 'ws://localhost:5199/' failed: Error in connection establishment: net::ERR_CONNECTION_REFUSED @ http://localhost:5199/@vite/client:1034
[  168183ms] [ERROR] WebSocket connection to 'ws://localhost:5199/' failed: Error in connection establishment: net::ERR_CONNECTION_REFUSED @ http://localhost:5199/@vite/client:1034
[  175620ms] [ERROR] WebSocket connection to 'ws://localhost:5199/' failed: Error in connection establishment: net::ERR_CONNECTION_REFUSED @ http://localhost:5199/@vite/client:1034
[  183346ms] [ERROR] WebSocket connection to 'ws://localhost:5199/' failed: Error in connection establishment: net::ERR_CONNECTION_REFUSED @ http://localhost:5199/@vite/client:1034
[  189327ms] [ERROR] WebSocket connection to 'ws://localhost:5199/' failed: Error in connection establishment: net::ERR_CONNECTION_REFUSED @ http://localhost:5199/@vite/client:1034
[  197185ms] [ERROR] WebSocket connection to 'ws://localhost:5199/' failed: Error in connection establishment: net::ERR_CONNECTION_REFUSED @ http://localhost:5199/@vite/client:1034
[  202396ms] [ERROR] WebSocket connection to 'ws://localhost:5199/' failed: Error in connection establishment: net::ERR_CONNECTION_REFUSED @ http://localhost:5199/@vite/client:1034
[  208501ms] [ERROR] WebSocket connection to 'ws://localhost:5199/' failed: Error in connection establishment: net::ERR_CONNECTION_REFUSED @ http://localhost:5199/@vite/client:1034
[  215139ms] [ERROR] WebSocket connection to 'ws://localhost:5199/' failed: Error in connection establishment: net::ERR_CONNECTION_REFUSED @ http://localhost:5199/@vite/client:1034
[  221924ms] [ERROR] WebSocket connection to 'ws://localhost:5199/' failed: Error in connection establishment: net::ERR_CONNECTION_REFUSED @ http://localhost:5199/@vite/client:1034
[  229175ms] [ERROR] WebSocket connection to 'ws://localhost:5199/' failed: Error in connection establishment: net::ERR_CONNECTION_REFUSED @ http://localhost:5199/@vite/client:1034
[  235897ms] [ERROR] WebSocket connection to 'ws://localhost:5199/' failed: Error in connection establishment: net::ERR_CONNECTION_REFUSED @ http://localhost:5199/@vite/client:1034
[  242513ms] [ERROR] WebSocket connection to 'ws://localhost:5199/' failed: Error in connection establishment: net::ERR_CONNECTION_REFUSED @ http://localhost:5199/@vite/client:1034
[  249817ms] [ERROR] WebSocket connection to 'ws://localhost:5199/' failed: Error in connection establishment: net::ERR_CONNECTION_REFUSED @ http://localhost:5199/@vite/client:1034
[  254651ms] [ERROR] WebSocket connection to 'ws://localhost:5199/' failed: Error in connection establishment: net::ERR_CONNECTION_REFUSED @ http://localhost:5199/@vite/client:1034
[  260250ms] [ERROR] WebSocket connection to 'ws://localhost:5199/' failed: Error in connection establishment: net::ERR_CONNECTION_REFUSED @ http://localhost:5199/@vite/client:1034
[  266383ms] [ERROR] WebSocket connection to 'ws://localhost:5199/' failed: Error in connection establishment: net::ERR_CONNECTION_REFUSED @ http://localhost:5199/@vite/client:1034
[  274445ms] [ERROR] WebSocket connection to 'ws://localhost:5199/' failed: Error in connection establishment: net::ERR_CONNECTION_REFUSED @ http://localhost:5199/@vite/client:1034
[  282068ms] [ERROR] WebSocket connection to 'ws://localhost:5199/' failed: Error in connection establishment: net::ERR_CONNECTION_REFUSED @ http://localhost:5199/@vite/client:1034
[  289756ms] [ERROR] WebSocket connection to 'ws://localhost:5199/' failed: Error in connection establishment: net::ERR_CONNECTION_REFUSED @ http://localhost:5199/@vite/client:1034
[  295906ms] [ERROR] WebSocket connection to 'ws://localhost:5199/' failed: Error in connection establishment: net::ERR_CONNECTION_REFUSED @ http://localhost:5199/@vite/client:1034
[  302169ms] [ERROR] WebSocket connection to 'ws://localhost:5199/' failed: Error in connection establishment: net::ERR_CONNECTION_REFUSED @ http://localhost:5199/@vite/client:1034
[  307928ms] [ERROR] WebSocket connection to 'ws://localhost:5199/' failed: Error in connection establishment: net::ERR_CONNECTION_REFUSED @ http://localhost:5199/@vite/client:1034
[  313551ms] [ERROR] WebSocket connection to 'ws://localhost:5199/' failed: Error in connection establishment: net::ERR_CONNECTION_REFUSED @ http://localhost:5199/@vite/client:1034
[  321340ms] [ERROR] WebSocket connection to 'ws://localhost:5199/' failed: Error in connection establishment: net::ERR_CONNECTION_REFUSED @ http://localhost:5199/@vite/client:1034
[  328595ms] [ERROR] WebSocket connection to 'ws://localhost:5199/' failed: Error in connection establishment: net::ERR_CONNECTION_REFUSED @ http://localhost:5199/@vite/client:1034
[  333939ms] [ERROR] WebSocket connection to 'ws://localhost:5199/' failed: Error in connection establishment: net::ERR_CONNECTION_REFUSED @ http://localhost:5199/@vite/client:1034
[  339840ms] [ERROR] WebSocket connection to 'ws://localhost:5199/' failed: Error in connection establishment: net::ERR_CONNECTION_REFUSED @ http://localhost:5199/@vite/client:1034
[  348068ms] [ERROR] WebSocket connection to 'ws://localhost:5199/' failed: Error in connection establishment: net::ERR_CONNECTION_REFUSED @ http://localhost:5199/@vite/client:1034
[  353964ms] [ERROR] WebSocket connection to 'ws://localhost:5199/' failed: Error in connection establishment: net::ERR_CONNECTION_REFUSED @ http://localhost:5199/@vite/client:1034
[  358364ms] [ERROR] WebSocket connection to 'ws://localhost:5199/' failed: Error in connection establishment: net::ERR_CONNECTION_REFUSED @ http://localhost:5199/@vite/client:1034
[  364268ms] [ERROR] WebSocket connection to 'ws://localhost:5199/' failed: Error in connection establishment: net::ERR_CONNECTION_REFUSED @ http://localhost:5199/@vite/client:1034
[  368735ms] [ERROR] WebSocket connection to 'ws://localhost:5199/' failed: Error in connection establishment: net::ERR_CONNECTION_REFUSED @ http://localhost:5199/@vite/client:1034
[  373517ms] [ERROR] WebSocket connection to 'ws://localhost:5199/' failed: Error in connection establishment: net::ERR_CONNECTION_REFUSED @ http://localhost:5199/@vite/client:1034
[  380584ms] [ERROR] WebSocket connection to 'ws://localhost:5199/' failed: Error in connection establishment: net::ERR_CONNECTION_REFUSED @ http://localhost:5199/@vite/client:1034
[  387349ms] [ERROR] WebSocket connection to 'ws://localhost:5199/' failed: Error in connection establishment: net::ERR_CONNECTION_REFUSED @ http://localhost:5199/@vite/client:1034
[  392340ms] [ERROR] WebSocket connection to 'ws://localhost:5199/' failed: Error in connection establishment: net::ERR_CONNECTION_REFUSED @ http://localhost:5199/@vite/client:1034
[  399898ms] [ERROR] WebSocket connection to 'ws://localhost:5199/' failed: Error in connection establishment: net::ERR_CONNECTION_REFUSED @ http://localhost:5199/@vite/client:1034
[  405440ms] [ERROR] WebSocket connection to 'ws://localhost:5199/' failed: Error in connection establishment: net::ERR_CONNECTION_REFUSED @ http://localhost:5199/@vite/client:1034
[  412086ms] [ERROR] WebSocket connection to 'ws://localhost:5199/' failed: Error in connection establishment: net::ERR_CONNECTION_REFUSED @ http://localhost:5199/@vite/client:1034
[  419565ms] [ERROR] WebSocket connection to 'ws://localhost:5199/' failed: Error in connection establishment: net::ERR_CONNECTION_REFUSED @ http://localhost:5199/@vite/client:1034
[  424200ms] [ERROR] WebSocket connection to 'ws://localhost:5199/' failed: Error in connection establishment: net::ERR_CONNECTION_REFUSED @ http://localhost:5199/@vite/client:1034
[  431343ms] [ERROR] WebSocket connection to 'ws://localhost:5199/' failed: Error in connection establishment: net::ERR_CONNECTION_REFUSED @ http://localhost:5199/@vite/client:1034
[  435931ms] [ERROR] WebSocket connection to 'ws://localhost:5199/' failed: Error in connection establishment: net::ERR_CONNECTION_REFUSED @ http://localhost:5199/@vite/client:1034
[  442094ms] [ERROR] WebSocket connection to 'ws://localhost:5199/' failed: Error in connection establishment: net::ERR_CONNECTION_REFUSED @ http://localhost:5199/@vite/client:1034
[  449884ms] [ERROR] WebSocket connection to 'ws://localhost:5199/' failed: Error in connection establishment: net::ERR_CONNECTION_REFUSED @ http://localhost:5199/@vite/client:1034
[  456870ms] [ERROR] WebSocket connection to 'ws://localhost:5199/' failed: Error in connection establishment: net::ERR_CONNECTION_REFUSED @ http://localhost:5199/@vite/client:1034
[  461685ms] [ERROR] WebSocket connection to 'ws://localhost:5199/' failed: Error in connection establishment: net::ERR_CONNECTION_REFUSED @ http://localhost:5199/@vite/client:1034
[  468274ms] [ERROR] WebSocket connection to 'ws://localhost:5199/' failed: Error in connection establishment: net::ERR_CONNECTION_REFUSED @ http://localhost:5199/@vite/client:1034
[  474837ms] [ERROR] WebSocket connection to 'ws://localhost:5199/' failed: Error in connection establishment: net::ERR_CONNECTION_REFUSED @ http://localhost:5199/@vite/client:1034
[  480267ms] [ERROR] WebSocket connection to 'ws://localhost:5199/' failed: Error in connection establishment: net::ERR_CONNECTION_REFUSED @ http://localhost:5199/@vite/client:1034
[  488433ms] [ERROR] WebSocket connection to 'ws://localhost:5199/' failed: Error in connection establishment: net::ERR_CONNECTION_REFUSED @ http://localhost:5199/@vite/client:1034
[  496169ms] [ERROR] WebSocket connection to 'ws://localhost:5199/' failed: Error in connection establishment: net::ERR_CONNECTION_REFUSED @ http://localhost:5199/@vite/client:1034
[  503421ms] [ERROR] WebSocket connection to 'ws://localhost:5199/' failed: Error in connection establishment: net::ERR_CONNECTION_REFUSED @ http://localhost:5199/@vite/client:1034
[  509221ms] [ERROR] WebSocket connection to 'ws://localhost:5199/' failed: Error in connection establishment: net::ERR_CONNECTION_REFUSED @ http://localhost:5199/@vite/client:1034
[  516210ms] [ERROR] WebSocket connection to 'ws://localhost:5199/' failed: Error in connection establishment: net::ERR_CONNECTION_REFUSED @ http://localhost:5199/@vite/client:1034
[  523419ms] [ERROR] WebSocket connection to 'ws://localhost:5199/' failed: Error in connection establishment: net::ERR_CONNECTION_REFUSED @ http://localhost:5199/@vite/client:1034
[  528966ms] [ERROR] WebSocket connection to 'ws://localhost:5199/' failed: Error in connection establishment: net::ERR_CONNECTION_REFUSED @ http://localhost:5199/@vite/client:1034
[  535187ms] [ERROR] WebSocket connection to 'ws://localhost:5199/' failed: Error in connection establishment: net::ERR_CONNECTION_REFUSED @ http://localhost:5199/@vite/client:1034
[  539749ms] [ERROR] WebSocket connection to 'ws://localhost:5199/' failed: Error in connection establishment: net::ERR_CONNECTION_REFUSED @ http://localhost:5199/@vite/client:1034
[  546324ms] [ERROR] WebSocket connection to 'ws://localhost:5199/' failed: Error in connection establishment: net::ERR_CONNECTION_REFUSED @ http://localhost:5199/@vite/client:1034
[  551037ms] [ERROR] WebSocket connection to 'ws://localhost:5199/' failed: Error in connection establishment: net::ERR_CONNECTION_REFUSED @ http://localhost:5199/@vite/client:1034
[  557579ms] [ERROR] WebSocket connection to 'ws://localhost:5199/' failed: Error in connection establishment: net::ERR_CONNECTION_REFUSED @ http://localhost:5199/@vite/client:1034
[  564589ms] [ERROR] WebSocket connection to 'ws://localhost:5199/' failed: Error in connection establishment: net::ERR_CONNECTION_REFUSED @ http://localhost:5199/@vite/client:1034
[  572455ms] [ERROR] WebSocket connection to 'ws://localhost:5199/' failed: Error in connection establishment: net::ERR_CONNECTION_REFUSED @ http://localhost:5199/@vite/client:1034
[  578123ms] [ERROR] WebSocket connection to 'ws://localhost:5199/' failed: Error in connection establishment: net::ERR_CONNECTION_REFUSED @ http://localhost:5199/@vite/client:1034
[  584733ms] [ERROR] WebSocket connection to 'ws://localhost:5199/' failed: Error in connection establishment: net::ERR_CONNECTION_REFUSED @ http://localhost:5199/@vite/client:1034
[  590186ms] [ERROR] WebSocket connection to 'ws://localhost:5199/' failed: Error in connection establishment: net::ERR_CONNECTION_REFUSED @ http://localhost:5199/@vite/client:1034
[  597976ms] [ERROR] WebSocket connection to 'ws://localhost:5199/' failed: Error in connection establishment: net::ERR_CONNECTION_REFUSED @ http://localhost:5199/@vite/client:1034
[  602635ms] [ERROR] WebSocket connection to 'ws://localhost:5199/' failed: Error in connection establishment: net::ERR_CONNECTION_REFUSED @ http://localhost:5199/@vite/client:1034
[  609054ms] [ERROR] WebSocket connection to 'ws://localhost:5199/' failed: Error in connection establishment: net::ERR_CONNECTION_REFUSED @ http://localhost:5199/@vite/client:1034
[  616305ms] [ERROR] WebSocket connection to 'ws://localhost:5199/' failed: Error in connection establishment: net::ERR_CONNECTION_REFUSED @ http://localhost:5199/@vite/client:1034
[  621828ms] [ERROR] WebSocket connection to 'ws://localhost:5199/' failed: Error in connection establishment: net::ERR_CONNECTION_REFUSED @ http://localhost:5199/@vite/client:1034
[  629143ms] [ERROR] WebSocket connection to 'ws://localhost:5199/' failed: Error in connection establishment: net::ERR_CONNECTION_REFUSED @ http://localhost:5199/@vite/client:1034
[  635130ms] [ERROR] WebSocket connection to 'ws://localhost:5199/' failed: Error in connection establishment: net::ERR_CONNECTION_REFUSED @ http://localhost:5199/@vite/client:1034
[  643176ms] [ERROR] WebSocket connection to 'ws://localhost:5199/' failed: Error in connection establishment: net::ERR_CONNECTION_REFUSED @ http://localhost:5199/@vite/client:1034
[  648444ms] [ERROR] WebSocket connection to 'ws://localhost:5199/' failed: Error in connection establishment: net::ERR_CONNECTION_REFUSED @ http://localhost:5199/@vite/client:1034
[  656628ms] [ERROR] WebSocket connection to 'ws://localhost:5199/' failed: Error in connection establishment: net::ERR_CONNECTION_REFUSED @ http://localhost:5199/@vite/client:1034
[  664565ms] [ERROR] WebSocket connection to 'ws://localhost:5199/' failed: Error in connection establishment: net::ERR_CONNECTION_REFUSED @ http://localhost:5199/@vite/client:1034
[  670141ms] [ERROR] WebSocket connection to 'ws://localhost:5199/' failed: Error in connection establishment: net::ERR_CONNECTION_REFUSED @ http://localhost:5199/@vite/client:1034
[  676805ms] [ERROR] WebSocket connection to 'ws://localhost:5199/' failed: Error in connection establishment: net::ERR_CONNECTION_REFUSED @ http://localhost:5199/@vite/client:1034
[  684948ms] [ERROR] WebSocket connection to 'ws://localhost:5199/' failed: Error in connection establishment: net::ERR_CONNECTION_REFUSED @ http://localhost:5199/@vite/client:1034
[  692962ms] [ERROR] WebSocket connection to 'ws://localhost:5199/' failed: Error in connection establishment: net::ERR_CONNECTION_REFUSED @ http://localhost:5199/@vite/client:1034
[  701164ms] [ERROR] WebSocket connection to 'ws://localhost:5199/' failed: Error in connection establishment: net::ERR_CONNECTION_REFUSED @ http://localhost:5199/@vite/client:1034
[  706481ms] [ERROR] WebSocket connection to 'ws://localhost:5199/' failed: Error in connection establishment: net::ERR_CONNECTION_REFUSED @ http://localhost:5199/@vite/client:1034
[  711884ms] [ERROR] WebSocket connection to 'ws://localhost:5199/' failed: Error in connection establishment: net::ERR_CONNECTION_REFUSED @ http://localhost:5199/@vite/client:1034
[  717051ms] [ERROR] WebSocket connection to 'ws://localhost:5199/' failed: Error in connection establishment: net::ERR_CONNECTION_REFUSED @ http://localhost:5199/@vite/client:1034
[  722879ms] [ERROR] WebSocket connection to 'ws://localhost:5199/' failed: Error in connection establishment: net::ERR_CONNECTION_REFUSED @ http://localhost:5199/@vite/client:1034
[  730736ms] [ERROR] WebSocket connection to 'ws://localhost:5199/' failed: Error in connection establishment: net::ERR_CONNECTION_REFUSED @ http://localhost:5199/@vite/client:1034
[  735534ms] [ERROR] WebSocket connection to 'ws://localhost:5199/' failed: Error in connection establishment: net::ERR_CONNECTION_REFUSED @ http://localhost:5199/@vite/client:1034
[  740748ms] [ERROR] WebSocket connection to 'ws://localhost:5199/' failed: Error in connection establishment: net::ERR_CONNECTION_REFUSED @ http://localhost:5199/@vite/client:1034
[  746847ms] [ERROR] WebSocket connection to 'ws://localhost:5199/' failed: Error in connection establishment: net::ERR_CONNECTION_REFUSED @ http://localhost:5199/@vite/client:1034
[  753168ms] [ERROR] WebSocket connection to 'ws://localhost:5199/' failed: Error in connection establishment: net::ERR_CONNECTION_REFUSED @ http://localhost:5199/@vite/client:1034
[  759878ms] [ERROR] WebSocket connection to 'ws://localhost:5199/' failed: Error in connection establishment: net::ERR_CONNECTION_REFUSED @ http://localhost:5199/@vite/client:1034
[  764837ms] [ERROR] WebSocket connection to 'ws://localhost:5199/' failed: Error in connection establishment: net::ERR_CONNECTION_REFUSED @ http://localhost:5199/@vite/client:1034
[  771731ms] [ERROR] WebSocket connection to 'ws://localhost:5199/' failed: Error in connection establishment: net::ERR_CONNECTION_REFUSED @ http://localhost:5199/@vite/client:1034
[  779142ms] [ERROR] WebSocket connection to 'ws://localhost:5199/' failed: Error in connection establishment: net::ERR_CONNECTION_REFUSED @ http://localhost:5199/@vite/client:1034
[  784349ms] [ERROR] WebSocket connection to 'ws://localhost:5199/' failed: Error in connection establishment: net::ERR_CONNECTION_REFUSED @ http://localhost:5199/@vite/client:1034
[  790214ms] [ERROR] WebSocket connection to 'ws://localhost:5199/' failed: Error in connection establishment: net::ERR_CONNECTION_REFUSED @ http://localhost:5199/@vite/client:1034
[  795538ms] [ERROR] WebSocket connection to 'ws://localhost:5199/' failed: Error in connection establishment: net::ERR_CONNECTION_REFUSED @ http://localhost:5199/@vite/client:1034
[  801392ms] [ERROR] WebSocket connection to 'ws://localhost:5199/' failed: Error in connection establishment: net::ERR_CONNECTION_REFUSED @ http://localhost:5199/@vite/client:1034
[  806908ms] [ERROR] WebSocket connection to 'ws://localhost:5199/' failed: Error in connection establishment: net::ERR_CONNECTION_REFUSED @ http://localhost:5199/@vite/client:1034
[  814593ms] [ERROR] WebSocket connection to 'ws://localhost:5199/' failed: Error in connection establishment: net::ERR_CONNECTION_REFUSED @ http://localhost:5199/@vite/client:1034
[  822486ms] [ERROR] WebSocket connection to 'ws://localhost:5199/' failed: Error in connection establishment: net::ERR_CONNECTION_REFUSED @ http://localhost:5199/@vite/client:1034
[  829907ms] [ERROR] WebSocket connection to 'ws://localhost:5199/' failed: Error in connection establishment: net::ERR_CONNECTION_REFUSED @ http://localhost:5199/@vite/client:1034
[  834583ms] [ERROR] WebSocket connection to 'ws://localhost:5199/' failed: Error in connection establishment: net::ERR_CONNECTION_REFUSED @ http://localhost:5199/@vite/client:1034
[  841184ms] [ERROR] WebSocket connection to 'ws://localhost:5199/' failed: Error in connection establishment: net::ERR_CONNECTION_REFUSED @ http://localhost:5199/@vite/client:1034
[  849284ms] [ERROR] WebSocket connection to 'ws://localhost:5199/' failed: Error in connection establishment: net::ERR_CONNECTION_REFUSED @ http://localhost:5199/@vite/client:1034
[  854911ms] [ERROR] WebSocket connection to 'ws://localhost:5199/' failed: Error in connection establishment: net::ERR_CONNECTION_REFUSED @ http://localhost:5199/@vite/client:1034
[  862196ms] [ERROR] WebSocket connection to 'ws://localhost:5199/' failed: Error in connection establishment: net::ERR_CONNECTION_REFUSED @ http://localhost:5199/@vite/client:1034
[  869672ms] [ERROR] WebSocket connection to 'ws://localhost:5199/' failed: Error in connection establishment: net::ERR_CONNECTION_REFUSED @ http://localhost:5199/@vite/client:1034
[  876787ms] [ERROR] WebSocket connection to 'ws://localhost:5199/' failed: Error in connection establishment: net::ERR_CONNECTION_REFUSED @ http://localhost:5199/@vite/client:1034
[  882922ms] [ERROR] WebSocket connection to 'ws://localhost:5199/' failed: Error in connection establishment: net::ERR_CONNECTION_REFUSED @ http://localhost:5199/@vite/client:1034
[  890624ms] [ERROR] WebSocket connection to 'ws://localhost:5199/' failed: Error in connection establishment: net::ERR_CONNECTION_REFUSED @ http://localhost:5199/@vite/client:1034
[  898145ms] [ERROR] WebSocket connection to 'ws://localhost:5199/' failed: Error in connection establishment: net::ERR_CONNECTION_REFUSED @ http://localhost:5199/@vite/client:1034
[  904783ms] [ERROR] WebSocket connection to 'ws://localhost:5199/' failed: Error in connection establishment: net::ERR_CONNECTION_REFUSED @ http://localhost:5199/@vite/client:1034
[  912285ms] [ERROR] WebSocket connection to 'ws://localhost:5199/' failed: Error in connection establishment: net::ERR_CONNECTION_REFUSED @ http://localhost:5199/@vite/client:1034
[  919312ms] [ERROR] WebSocket connection to 'ws://localhost:5199/' failed: Error in connection establishment: net::ERR_CONNECTION_REFUSED @ http://localhost:5199/@vite/client:1034
[  925681ms] [ERROR] WebSocket connection to 'ws://localhost:5199/' failed: Error in connection establishment: net::ERR_CONNECTION_REFUSED @ http://localhost:5199/@vite/client:1034
[  932683ms] [ERROR] WebSocket connection to 'ws://localhost:5199/' failed: Error in connection establishment: net::ERR_CONNECTION_REFUSED @ http://localhost:5199/@vite/client:1034
[  937970ms] [ERROR] WebSocket connection to 'ws://localhost:5199/' failed: Error in connection establishment: net::ERR_CONNECTION_REFUSED @ http://localhost:5199/@vite/client:1034
[  943869ms] [ERROR] WebSocket connection to 'ws://localhost:5199/' failed: Error in connection establishment: net::ERR_CONNECTION_REFUSED @ http://localhost:5199/@vite/client:1034
[  948594ms] [ERROR] WebSocket connection to 'ws://localhost:5199/' failed: Error in connection establishment: net::ERR_CONNECTION_REFUSED @ http://localhost:5199/@vite/client:1034
[  956938ms] [ERROR] WebSocket connection to 'ws://localhost:5199/' failed: Error in connection establishment: net::ERR_CONNECTION_REFUSED @ http://localhost:5199/@vite/client:1034
[  963485ms] [ERROR] WebSocket connection to 'ws://localhost:5199/' failed: Error in connection establishment: net::ERR_CONNECTION_REFUSED @ http://localhost:5199/@vite/client:1034
[  969885ms] [ERROR] WebSocket connection to 'ws://localhost:5199/' failed: Error in connection establishment: net::ERR_CONNECTION_REFUSED @ http://localhost:5199/@vite/client:1034
[  975465ms] [ERROR] WebSocket connection to 'ws://localhost:5199/' failed: Error in connection establishment: net::ERR_CONNECTION_REFUSED @ http://localhost:5199/@vite/client:1034
[  983329ms] [ERROR] WebSocket connection to 'ws://localhost:5199/' failed: Error in connection establishment: net::ERR_CONNECTION_REFUSED @ http://localhost:5199/@vite/client:1034
[  987997ms] [ERROR] WebSocket connection to 'ws://localhost:5199/' failed: Error in connection establishment: net::ERR_CONNECTION_REFUSED @ http://localhost:5199/@vite/client:1034
[  995121ms] [ERROR] WebSocket connection to 'ws://localhost:5199/' failed: Error in connection establishment: net::ERR_CONNECTION_REFUSED @ http://localhost:5199/@vite/client:1034
[  999538ms] [ERROR] WebSocket connection to 'ws://localhost:5199/' failed: Error in connection establishment: net::ERR_CONNECTION_REFUSED @ http://localhost:5199/@vite/client:1034
[ 1003962ms] [ERROR] WebSocket connection to 'ws://localhost:5199/' failed: Error in connection establishment: net::ERR_CONNECTION_REFUSED @ http://localhost:5199/@vite/client:1034
[ 1010817ms] [ERROR] WebSocket connection to 'ws://localhost:5199/' failed: Error in connection establishment: net::ERR_CONNECTION_REFUSED @ http://localhost:5199/@vite/client:1034
[ 1017895ms] [ERROR] WebSocket connection to 'ws://localhost:5199/' failed: Error in connection establishment: net::ERR_CONNECTION_REFUSED @ http://localhost:5199/@vite/client:1034
[ 1025838ms] [ERROR] WebSocket connection to 'ws://localhost:5199/' failed: Error in connection establishment: net::ERR_CONNECTION_REFUSED @ http://localhost:5199/@vite/client:1034
[ 1034001ms] [ERROR] WebSocket connection to 'ws://localhost:5199/' failed: Error in connection establishment: net::ERR_CONNECTION_REFUSED @ http://localhost:5199/@vite/client:1034
[ 1041346ms] [ERROR] WebSocket connection to 'ws://localhost:5199/' failed: Error in connection establishment: net::ERR_CONNECTION_REFUSED @ http://localhost:5199/@vite/client:1034
[ 1048699ms] [ERROR] WebSocket connection to 'ws://localhost:5199/' failed: Error in connection establishment: net::ERR_CONNECTION_REFUSED @ http://localhost:5199/@vite/client:1034
[ 1054432ms] [ERROR] WebSocket connection to 'ws://localhost:5199/' failed: Error in connection establishment: net::ERR_CONNECTION_REFUSED @ http://localhost:5199/@vite/client:1034
[ 1059695ms] [ERROR] WebSocket connection to 'ws://localhost:5199/' failed: Error in connection establishment: net::ERR_CONNECTION_REFUSED @ http://localhost:5199/@vite/client:1034
[ 1065515ms] [ERROR] WebSocket connection to 'ws://localhost:5199/' failed: Error in connection establishment: net::ERR_CONNECTION_REFUSED @ http://localhost:5199/@vite/client:1034
[ 1070746ms] [ERROR] WebSocket connection to 'ws://localhost:5199/' failed: Error in connection establishment: net::ERR_CONNECTION_REFUSED @ http://localhost:5199/@vite/client:1034
[ 1076736ms] [ERROR] WebSocket connection to 'ws://localhost:5199/' failed: Error in connection establishment: net::ERR_CONNECTION_REFUSED @ http://localhost:5199/@vite/client:1034
[ 1082475ms] [ERROR] WebSocket connection to 'ws://localhost:5199/' failed: Error in connection establishment: net::ERR_CONNECTION_REFUSED @ http://localhost:5199/@vite/client:1034
[ 1088524ms] [ERROR] WebSocket connection to 'ws://localhost:5199/' failed: Error in connection establishment: net::ERR_CONNECTION_REFUSED @ http://localhost:5199/@vite/client:1034
[ 1094770ms] [ERROR] WebSocket connection to 'ws://localhost:5199/' failed: Error in connection establishment: net::ERR_CONNECTION_REFUSED @ http://localhost:5199/@vite/client:1034
[ 1102662ms] [ERROR] WebSocket connection to 'ws://localhost:5199/' failed: Error in connection establishment: net::ERR_CONNECTION_REFUSED @ http://localhost:5199/@vite/client:1034
[ 1108366ms] [ERROR] WebSocket connection to 'ws://localhost:5199/' failed: Error in connection establishment: net::ERR_CONNECTION_REFUSED @ http://localhost:5199/@vite/client:1034
[ 1116130ms] [ERROR] WebSocket connection to 'ws://localhost:5199/' failed: Error in connection establishment: net::ERR_CONNECTION_REFUSED @ http://localhost:5199/@vite/client:1034
[ 1121615ms] [ERROR] WebSocket connection to 'ws://localhost:5199/' failed: Error in connection establishment: net::ERR_CONNECTION_REFUSED @ http://localhost:5199/@vite/client:1034
[ 1124984ms] [ERROR] WebSocket connection to 'ws://localhost:5199/' failed: Error in connection establishment: net::ERR_CONNECTION_REFUSED @ http://localhost:5199/@vite/client:1034
[ 1128351ms] [ERROR] WebSocket connection to 'ws://localhost:5199/' failed: Error in connection establishment: net::ERR_CONNECTION_REFUSED @ http://localhost:5199/@vite/client:1034
[ 1131733ms] [ERROR] WebSocket connection to 'ws://localhost:5199/' failed: Error in connection establishment: net::ERR_CONNECTION_REFUSED @ http://localhost:5199/@vite/client:1034
[ 1135094ms] [ERROR] WebSocket connection to 'ws://localhost:5199/' failed: Error in connection establishment: net::ERR_CONNECTION_REFUSED @ http://localhost:5199/@vite/client:1034
[ 1138466ms] [ERROR] WebSocket connection to 'ws://localhost:5199/' failed: Error in connection establishment: net::ERR_CONNECTION_REFUSED @ http://localhost:5199/@vite/client:1034
[ 1141835ms] [ERROR] WebSocket connection to 'ws://localhost:5199/' failed: Error in connection establishment: net::ERR_CONNECTION_REFUSED @ http://localhost:5199/@vite/client:1034
[ 1145226ms] [ERROR] WebSocket connection to 'ws://localhost:5199/' failed: Error in connection establishment: net::ERR_CONNECTION_REFUSED @ http://localhost:5199/@vite/client:1034
[ 1148616ms] [ERROR] WebSocket connection to 'ws://localhost:5199/' failed: Error in connection establishment: net::ERR_CONNECTION_REFUSED @ http://localhost:5199/@vite/client:1034
[ 1151996ms] [ERROR] WebSocket connection to 'ws://localhost:5199/' failed: Error in connection establishment: net::ERR_CONNECTION_REFUSED @ http://localhost:5199/@vite/client:1034
[ 1155390ms] [ERROR] WebSocket connection to 'ws://localhost:5199/' failed: Error in connection establishment: net::ERR_CONNECTION_REFUSED @ http://localhost:5199/@vite/client:1034
[ 1158815ms] [ERROR] WebSocket connection to 'ws://localhost:5199/' failed: Error in connection establishment: net::ERR_CONNECTION_REFUSED @ http://localhost:5199/@vite/client:1034
[ 1162275ms] [ERROR] WebSocket connection to 'ws://localhost:5199/' failed: Error in connection establishment: net::ERR_CONNECTION_REFUSED @ http://localhost:5199/@vite/client:1034
[ 1165848ms] [ERROR] WebSocket connection to 'ws://localhost:5199/' failed: Error in connection establishment: net::ERR_CONNECTION_REFUSED @ http://localhost:5199/@vite/client:1034
[ 1169766ms] [ERROR] WebSocket connection to 'ws://localhost:5199/' failed: Error in connection establishment: net::ERR_CONNECTION_REFUSED @ http://localhost:5199/@vite/client:1034
[ 1173559ms] [ERROR] WebSocket connection to 'ws://localhost:5199/' failed: Error in connection establishment: net::ERR_CONNECTION_REFUSED @ http://localhost:5199/@vite/client:1034
[ 1178822ms] [ERROR] WebSocket connection to 'ws://localhost:5199/' failed: Error in connection establishment: net::ERR_CONNECTION_REFUSED @ http://localhost:5199/@vite/client:1034
[ 1183850ms] [ERROR] WebSocket connection to 'ws://localhost:5199/' failed: Error in connection establishment: net::ERR_CONNECTION_REFUSED @ http://localhost:5199/@vite/client:1034
[ 1190310ms] [ERROR] WebSocket connection to 'ws://localhost:5199/' failed: Error in connection establishment: net::ERR_CONNECTION_REFUSED @ http://localhost:5199/@vite/client:1034
[ 1197080ms] [ERROR] WebSocket connection to 'ws://localhost:5199/' failed: Error in connection establishment: net::ERR_CONNECTION_REFUSED @ http://localhost:5199/@vite/client:1034
[ 1201537ms] [ERROR] WebSocket connection to 'ws://localhost:5199/' failed: Error in connection establishment: net::ERR_CONNECTION_REFUSED @ http://localhost:5199/@vite/client:1034
[ 1208012ms] [ERROR] WebSocket connection to 'ws://localhost:5199/' failed: Error in connection establishment: net::ERR_CONNECTION_REFUSED @ http://localhost:5199/@vite/client:1034
[ 1216084ms] [ERROR] WebSocket connection to 'ws://localhost:5199/' failed: Error in connection establishment: net::ERR_CONNECTION_REFUSED @ http://localhost:5199/@vite/client:1034
[ 1220554ms] [ERROR] WebSocket connection to 'ws://localhost:5199/' failed: Error in connection establishment: net::ERR_CONNECTION_REFUSED @ http://localhost:5199/@vite/client:1034
[ 1227952ms] [ERROR] WebSocket connection to 'ws://localhost:5199/' failed: Error in connection establishment: net::ERR_CONNECTION_REFUSED @ http://localhost:5199/@vite/client:1034
[ 1233417ms] [ERROR] WebSocket connection to 'ws://localhost:5199/' failed: Error in connection establishment: net::ERR_CONNECTION_REFUSED @ http://localhost:5199/@vite/client:1034
[ 1241567ms] [ERROR] WebSocket connection to 'ws://localhost:5199/' failed: Error in connection establishment: net::ERR_CONNECTION_REFUSED @ http://localhost:5199/@vite/client:1034
[ 1249470ms] [ERROR] WebSocket connection to 'ws://localhost:5199/' failed: Error in connection establishment: net::ERR_CONNECTION_REFUSED @ http://localhost:5199/@vite/client:1034
[ 1257766ms] [ERROR] WebSocket connection to 'ws://localhost:5199/' failed: Error in connection establishment: net::ERR_CONNECTION_REFUSED @ http://localhost:5199/@vite/client:1034
[ 1266109ms] [ERROR] WebSocket connection to 'ws://localhost:5199/' failed: Error in connection establishment: net::ERR_CONNECTION_REFUSED @ http://localhost:5199/@vite/client:1034
[ 1273644ms] [ERROR] WebSocket connection to 'ws://localhost:5199/' failed: Error in connection establishment: net::ERR_CONNECTION_REFUSED @ http://localhost:5199/@vite/client:1034
[ 1279194ms] [ERROR] WebSocket connection to 'ws://localhost:5199/' failed: Error in connection establishment: net::ERR_CONNECTION_REFUSED @ http://localhost:5199/@vite/client:1034
[ 1284428ms] [ERROR] WebSocket connection to 'ws://localhost:5199/' failed: Error in connection establishment: net::ERR_CONNECTION_REFUSED @ http://localhost:5199/@vite/client:1034
[ 1288936ms] [ERROR] WebSocket connection to 'ws://localhost:5199/' failed: Error in connection establishment: net::ERR_CONNECTION_REFUSED @ http://localhost:5199/@vite/client:1034
[ 1294436ms] [ERROR] WebSocket connection to 'ws://localhost:5199/' failed: Error in connection establishment: net::ERR_CONNECTION_REFUSED @ http://localhost:5199/@vite/client:1034
[ 1298849ms] [ERROR] WebSocket connection to 'ws://localhost:5199/' failed: Error in connection establishment: net::ERR_CONNECTION_REFUSED @ http://localhost:5199/@vite/client:1034
[ 1304766ms] [ERROR] WebSocket connection to 'ws://localhost:5199/' failed: Error in connection establishment: net::ERR_CONNECTION_REFUSED @ http://localhost:5199/@vite/client:1034
[ 1311193ms] [ERROR] WebSocket connection to 'ws://localhost:5199/' failed: Error in connection establishment: net::ERR_CONNECTION_REFUSED @ http://localhost:5199/@vite/client:1034
[ 1318937ms] [ERROR] WebSocket connection to 'ws://localhost:5199/' failed: Error in connection establishment: net::ERR_CONNECTION_REFUSED @ http://localhost:5199/@vite/client:1034
[ 1324618ms] [ERROR] WebSocket connection to 'ws://localhost:5199/' failed: Error in connection establishment: net::ERR_CONNECTION_REFUSED @ http://localhost:5199/@vite/client:1034
[ 1329753ms] [ERROR] WebSocket connection to 'ws://localhost:5199/' failed: Error in connection establishment: net::ERR_CONNECTION_REFUSED @ http://localhost:5199/@vite/client:1034
[ 1336357ms] [ERROR] WebSocket connection to 'ws://localhost:5199/' failed: Error in connection establishment: net::ERR_CONNECTION_REFUSED @ http://localhost:5199/@vite/client:1034
[ 1341499ms] [ERROR] WebSocket connection to 'ws://localhost:5199/' failed: Error in connection establishment: net::ERR_CONNECTION_REFUSED @ http://localhost:5199/@vite/client:1034
[ 1347728ms] [ERROR] WebSocket connection to 'ws://localhost:5199/' failed: Error in connection establishment: net::ERR_CONNECTION_REFUSED @ http://localhost:5199/@vite/client:1034
[ 1352283ms] [ERROR] WebSocket connection to 'ws://localhost:5199/' failed: Error in connection establishment: net::ERR_CONNECTION_REFUSED @ http://localhost:5199/@vite/client:1034
[ 1357645ms] [ERROR] WebSocket connection to 'ws://localhost:5199/' failed: Error in connection establishment: net::ERR_CONNECTION_REFUSED @ http://localhost:5199/@vite/client:1034
[ 1365698ms] [ERROR] WebSocket connection to 'ws://localhost:5199/' failed: Error in connection establishment: net::ERR_CONNECTION_REFUSED @ http://localhost:5199/@vite/client:1034
[ 1371739ms] [ERROR] WebSocket connection to 'ws://localhost:5199/' failed: Error in connection establishment: net::ERR_CONNECTION_REFUSED @ http://localhost:5199/@vite/client:1034
[ 1378939ms] [ERROR] WebSocket connection to 'ws://localhost:5199/' failed: Error in connection establishment: net::ERR_CONNECTION_REFUSED @ http://localhost:5199/@vite/client:1034
[ 1383940ms] [ERROR] WebSocket connection to 'ws://localhost:5199/' failed: Error in connection establishment: net::ERR_CONNECTION_REFUSED @ http://localhost:5199/@vite/client:1034
[ 1392056ms] [ERROR] WebSocket connection to 'ws://localhost:5199/' failed: Error in connection establishment: net::ERR_CONNECTION_REFUSED @ http://localhost:5199/@vite/client:1034
[ 1397184ms] [ERROR] WebSocket connection to 'ws://localhost:5199/' failed: Error in connection establishment: net::ERR_CONNECTION_REFUSED @ http://localhost:5199/@vite/client:1034
[ 1403119ms] [ERROR] WebSocket connection to 'ws://localhost:5199/' failed: Error in connection establishment: net::ERR_CONNECTION_REFUSED @ http://localhost:5199/@vite/client:1034
[ 1408454ms] [ERROR] WebSocket connection to 'ws://localhost:5199/' failed: Error in connection establishment: net::ERR_CONNECTION_REFUSED @ http://localhost:5199/@vite/client:1034
[ 1416197ms] [ERROR] WebSocket connection to 'ws://localhost:5199/' failed: Error in connection establishment: net::ERR_CONNECTION_REFUSED @ http://localhost:5199/@vite/client:1034
[ 1422245ms] [ERROR] WebSocket connection to 'ws://localhost:5199/' failed: Error in connection establishment: net::ERR_CONNECTION_REFUSED @ http://localhost:5199/@vite/client:1034
[ 1427896ms] [ERROR] WebSocket connection to 'ws://localhost:5199/' failed: Error in connection establishment: net::ERR_CONNECTION_REFUSED @ http://localhost:5199/@vite/client:1034
[ 1433069ms] [ERROR] WebSocket connection to 'ws://localhost:5199/' failed: Error in connection establishment: net::ERR_CONNECTION_REFUSED @ http://localhost:5199/@vite/client:1034
[ 1440476ms] [ERROR] WebSocket connection to 'ws://localhost:5199/' failed: Error in connection establishment: net::ERR_CONNECTION_REFUSED @ http://localhost:5199/@vite/client:1034
[ 1447987ms] [ERROR] WebSocket connection to 'ws://localhost:5199/' failed: Error in connection establishment: net::ERR_CONNECTION_REFUSED @ http://localhost:5199/@vite/client:1034
[ 1455144ms] [ERROR] WebSocket connection to 'ws://localhost:5199/' failed: Error in connection establishment: net::ERR_CONNECTION_REFUSED @ http://localhost:5199/@vite/client:1034
[ 1463306ms] [ERROR] WebSocket connection to 'ws://localhost:5199/' failed: Error in connection establishment: net::ERR_CONNECTION_REFUSED @ http://localhost:5199/@vite/client:1034
[ 1468732ms] [ERROR] WebSocket connection to 'ws://localhost:5199/' failed: Error in connection establishment: net::ERR_CONNECTION_REFUSED @ http://localhost:5199/@vite/client:1034
[ 1473900ms] [ERROR] WebSocket connection to 'ws://localhost:5199/' failed: Error in connection establishment: net::ERR_CONNECTION_REFUSED @ http://localhost:5199/@vite/client:1034
[ 1479551ms] [ERROR] WebSocket connection to 'ws://localhost:5199/' failed: Error in connection establishment: net::ERR_CONNECTION_REFUSED @ http://localhost:5199/@vite/client:1034
[ 1487914ms] [ERROR] WebSocket connection to 'ws://localhost:5199/' failed: Error in connection establishment: net::ERR_CONNECTION_REFUSED @ http://localhost:5199/@vite/client:1034
[ 1492687ms] [ERROR] WebSocket connection to 'ws://localhost:5199/' failed: Error in connection establishment: net::ERR_CONNECTION_REFUSED @ http://localhost:5199/@vite/client:1034
[ 1500580ms] [ERROR] WebSocket connection to 'ws://localhost:5199/' failed: Error in connection establishment: net::ERR_CONNECTION_REFUSED @ http://localhost:5199/@vite/client:1034
[ 1506490ms] [ERROR] WebSocket connection to 'ws://localhost:5199/' failed: Error in connection establishment: net::ERR_CONNECTION_REFUSED @ http://localhost:5199/@vite/client:1034
[ 1512633ms] [ERROR] WebSocket connection to 'ws://localhost:5199/' failed: Error in connection establishment: net::ERR_CONNECTION_REFUSED @ http://localhost:5199/@vite/client:1034
[ 1519422ms] [ERROR] WebSocket connection to 'ws://localhost:5199/' failed: Error in connection establishment: net::ERR_CONNECTION_REFUSED @ http://localhost:5199/@vite/client:1034
[ 1527517ms] [ERROR] WebSocket connection to 'ws://localhost:5199/' failed: Error in connection establishment: net::ERR_CONNECTION_REFUSED @ http://localhost:5199/@vite/client:1034
[ 1534476ms] [ERROR] WebSocket connection to 'ws://localhost:5199/' failed: Error in connection establishment: net::ERR_CONNECTION_REFUSED @ http://localhost:5199/@vite/client:1034
[ 1540842ms] [ERROR] WebSocket connection to 'ws://localhost:5199/' failed: Error in connection establishment: net::ERR_CONNECTION_REFUSED @ http://localhost:5199/@vite/client:1034
[ 1547991ms] [ERROR] WebSocket connection to 'ws://localhost:5199/' failed: Error in connection establishment: net::ERR_CONNECTION_REFUSED @ http://localhost:5199/@vite/client:1034
[ 1554466ms] [ERROR] WebSocket connection to 'ws://localhost:5199/' failed: Error in connection establishment: net::ERR_CONNECTION_REFUSED @ http://localhost:5199/@vite/client:1034
[ 1562265ms] [ERROR] WebSocket connection to 'ws://localhost:5199/' failed: Error in connection establishment: net::ERR_CONNECTION_REFUSED @ http://localhost:5199/@vite/client:1034
[ 1566879ms] [ERROR] WebSocket connection to 'ws://localhost:5199/' failed: Error in connection establishment: net::ERR_CONNECTION_REFUSED @ http://localhost:5199/@vite/client:1034
[ 1574121ms] [ERROR] WebSocket connection to 'ws://localhost:5199/' failed: Error in connection establishment: net::ERR_CONNECTION_REFUSED @ http://localhost:5199/@vite/client:1034
[ 1580635ms] [ERROR] WebSocket connection to 'ws://localhost:5199/' failed: Error in connection establishment: net::ERR_CONNECTION_REFUSED @ http://localhost:5199/@vite/client:1034
[ 1585250ms] [ERROR] WebSocket connection to 'ws://localhost:5199/' failed: Error in connection establishment: net::ERR_CONNECTION_REFUSED @ http://localhost:5199/@vite/client:1034
[ 1593552ms] [ERROR] WebSocket connection to 'ws://localhost:5199/' failed: Error in connection establishment: net::ERR_CONNECTION_REFUSED @ http://localhost:5199/@vite/client:1034
[ 1600340ms] [ERROR] WebSocket connection to 'ws://localhost:5199/' failed: Error in connection establishment: net::ERR_CONNECTION_REFUSED @ http://localhost:5199/@vite/client:1034
[ 1605304ms] [ERROR] WebSocket connection to 'ws://localhost:5199/' failed: Error in connection establishment: net::ERR_CONNECTION_REFUSED @ http://localhost:5199/@vite/client:1034
[ 1612869ms] [ERROR] WebSocket connection to 'ws://localhost:5199/' failed: Error in connection establishment: net::ERR_CONNECTION_REFUSED @ http://localhost:5199/@vite/client:1034
[ 1619116ms] [ERROR] WebSocket connection to 'ws://localhost:5199/' failed: Error in connection establishment: net::ERR_CONNECTION_REFUSED @ http://localhost:5199/@vite/client:1034
[ 1624134ms] [ERROR] WebSocket connection to 'ws://localhost:5199/' failed: Error in connection establishment: net::ERR_CONNECTION_REFUSED @ http://localhost:5199/@vite/client:1034
[ 1628794ms] [ERROR] WebSocket connection to 'ws://localhost:5199/' failed: Error in connection establishment: net::ERR_CONNECTION_REFUSED @ http://localhost:5199/@vite/client:1034
[ 1635695ms] [ERROR] WebSocket connection to 'ws://localhost:5199/' failed: Error in connection establishment: net::ERR_CONNECTION_REFUSED @ http://localhost:5199/@vite/client:1034
[ 1642527ms] [ERROR] WebSocket connection to 'ws://localhost:5199/' failed: Error in connection establishment: net::ERR_CONNECTION_REFUSED @ http://localhost:5199/@vite/client:1034
[ 1649917ms] [ERROR] WebSocket connection to 'ws://localhost:5199/' failed: Error in connection establishment: net::ERR_CONNECTION_REFUSED @ http://localhost:5199/@vite/client:1034
[ 1656826ms] [ERROR] WebSocket connection to 'ws://localhost:5199/' failed: Error in connection establishment: net::ERR_CONNECTION_REFUSED @ http://localhost:5199/@vite/client:1034
[ 1663782ms] [ERROR] WebSocket connection to 'ws://localhost:5199/' failed: Error in connection establishment: net::ERR_CONNECTION_REFUSED @ http://localhost:5199/@vite/client:1034
[ 1671238ms] [ERROR] WebSocket connection to 'ws://localhost:5199/' failed: Error in connection establishment: net::ERR_CONNECTION_REFUSED @ http://localhost:5199/@vite/client:1034
[ 1675906ms] [ERROR] WebSocket connection to 'ws://localhost:5199/' failed: Error during WebSocket handshake: net::ERR_INVALID_HTTP_RESPONSE @ http://localhost:5199/@vite/client:1034
[ 1682305ms] [ERROR] WebSocket connection to 'ws://localhost:5199/' failed: Error in connection establishment: net::ERR_CONNECTION_REFUSED @ http://localhost:5199/@vite/client:1034
[ 1687847ms] [ERROR] WebSocket connection to 'ws://localhost:5199/' failed: Error in connection establishment: net::ERR_CONNECTION_REFUSED @ http://localhost:5199/@vite/client:1034
[ 1696136ms] [ERROR] WebSocket connection to 'ws://localhost:5199/' failed: Error in connection establishment: net::ERR_CONNECTION_REFUSED @ http://localhost:5199/@vite/client:1034
[ 1702151ms] [ERROR] WebSocket connection to 'ws://localhost:5199/' failed: Error in connection establishment: net::ERR_CONNECTION_REFUSED @ http://localhost:5199/@vite/client:1034
[ 1708037ms] [ERROR] WebSocket connection to 'ws://localhost:5199/' failed: Error in connection establishment: net::ERR_CONNECTION_REFUSED @ http://localhost:5199/@vite/client:1034
[ 1713979ms] [ERROR] WebSocket connection to 'ws://localhost:5199/' failed: Error in connection establishment: net::ERR_CONNECTION_REFUSED @ http://localhost:5199/@vite/client:1034
[ 1722083ms] [ERROR] WebSocket connection to 'ws://localhost:5199/' failed: Error in connection establishment: net::ERR_CONNECTION_REFUSED @ http://localhost:5199/@vite/client:1034
[ 1725455ms] [ERROR] WebSocket connection to 'ws://localhost:5199/' failed: Error in connection establishment: net::ERR_CONNECTION_REFUSED @ http://localhost:5199/@vite/client:1034
[ 1728816ms] [ERROR] WebSocket connection to 'ws://localhost:5199/' failed: Error in connection establishment: net::ERR_CONNECTION_REFUSED @ http://localhost:5199/@vite/client:1034
[ 1732183ms] [ERROR] WebSocket connection to 'ws://localhost:5199/' failed: Error in connection establishment: net::ERR_CONNECTION_REFUSED @ http://localhost:5199/@vite/client:1034
[ 1735543ms] [ERROR] WebSocket connection to 'ws://localhost:5199/' failed: Error in connection establishment: net::ERR_CONNECTION_REFUSED @ http://localhost:5199/@vite/client:1034
[ 1738920ms] [ERROR] WebSocket connection to 'ws://localhost:5199/' failed: Error in connection establishment: net::ERR_CONNECTION_REFUSED @ http://localhost:5199/@vite/client:1034
[ 1742279ms] [ERROR] WebSocket connection to 'ws://localhost:5199/' failed: Error in connection establishment: net::ERR_CONNECTION_REFUSED @ http://localhost:5199/@vite/client:1034
[ 1745665ms] [ERROR] WebSocket connection to 'ws://localhost:5199/' failed: Error in connection establishment: net::ERR_CONNECTION_REFUSED @ http://localhost:5199/@vite/client:1034
[ 1749046ms] [ERROR] WebSocket connection to 'ws://localhost:5199/' failed: Error in connection establishment: net::ERR_CONNECTION_REFUSED @ http://localhost:5199/@vite/client:1034
[ 1752424ms] [ERROR] WebSocket connection to 'ws://localhost:5199/' failed: Error in connection establishment: net::ERR_CONNECTION_REFUSED @ http://localhost:5199/@vite/client:1034
[ 1755831ms] [ERROR] WebSocket connection to 'ws://localhost:5199/' failed: Error in connection establishment: net::ERR_CONNECTION_REFUSED @ http://localhost:5199/@vite/client:1034
[ 1759234ms] [ERROR] WebSocket connection to 'ws://localhost:5199/' failed: Error in connection establishment: net::ERR_CONNECTION_REFUSED @ http://localhost:5199/@vite/client:1034
[ 1762728ms] [ERROR] WebSocket connection to 'ws://localhost:5199/' failed: Error in connection establishment: net::ERR_CONNECTION_REFUSED @ http://localhost:5199/@vite/client:1034
[ 1766287ms] [ERROR] WebSocket connection to 'ws://localhost:5199/' failed: Error in connection establishment: net::ERR_CONNECTION_REFUSED @ http://localhost:5199/@vite/client:1034
[ 1769979ms] [ERROR] WebSocket connection to 'ws://localhost:5199/' failed: Error in connection establishment: net::ERR_CONNECTION_REFUSED @ http://localhost:5199/@vite/client:1034
[ 1774435ms] [ERROR] WebSocket connection to 'ws://localhost:5199/' failed: Error in connection establishment: net::ERR_CONNECTION_REFUSED @ http://localhost:5199/@vite/client:1034
[ 1779406ms] [ERROR] WebSocket connection to 'ws://localhost:5199/' failed: Error in connection establishment: net::ERR_CONNECTION_REFUSED @ http://localhost:5199/@vite/client:1034
[ 1784575ms] [ERROR] WebSocket connection to 'ws://localhost:5199/' failed: Error in connection establishment: net::ERR_CONNECTION_REFUSED @ http://localhost:5199/@vite/client:1034
[ 1792226ms] [ERROR] WebSocket connection to 'ws://localhost:5199/' failed: Error in connection establishment: net::ERR_CONNECTION_REFUSED @ http://localhost:5199/@vite/client:1034
[ 1797525ms] [ERROR] WebSocket connection to 'ws://localhost:5199/' failed: Error in connection establishment: net::ERR_CONNECTION_REFUSED @ http://localhost:5199/@vite/client:1034
[ 1802479ms] [ERROR] WebSocket connection to 'ws://localhost:5199/' failed: Error in connection establishment: net::ERR_CONNECTION_REFUSED @ http://localhost:5199/@vite/client:1034
[ 1810676ms] [ERROR] WebSocket connection to 'ws://localhost:5199/' failed: Error in connection establishment: net::ERR_CONNECTION_REFUSED @ http://localhost:5199/@vite/client:1034
[ 1817899ms] [ERROR] WebSocket connection to 'ws://localhost:5199/' failed: Error in connection establishment: net::ERR_CONNECTION_REFUSED @ http://localhost:5199/@vite/client:1034
[ 1825585ms] [ERROR] WebSocket connection to 'ws://localhost:5199/' failed: Error in connection establishment: net::ERR_CONNECTION_REFUSED @ http://localhost:5199/@vite/client:1034
[ 1830924ms] [ERROR] WebSocket connection to 'ws://localhost:5199/' failed: Error in connection establishment: net::ERR_CONNECTION_REFUSED @ http://localhost:5199/@vite/client:1034
[ 1835972ms] [ERROR] WebSocket connection to 'ws://localhost:5199/' failed: Error in connection establishment: net::ERR_CONNECTION_REFUSED @ http://localhost:5199/@vite/client:1034
[ 1840911ms] [ERROR] WebSocket connection to 'ws://localhost:5199/' failed: Error in connection establishment: net::ERR_CONNECTION_REFUSED @ http://localhost:5199/@vite/client:1034
[ 1846686ms] [ERROR] WebSocket connection to 'ws://localhost:5199/' failed: Error in connection establishment: net::ERR_CONNECTION_REFUSED @ http://localhost:5199/@vite/client:1034
[ 1852629ms] [ERROR] WebSocket connection to 'ws://localhost:5199/' failed: Error in connection establishment: net::ERR_CONNECTION_REFUSED @ http://localhost:5199/@vite/client:1034
[ 1857060ms] [ERROR] WebSocket connection to 'ws://localhost:5199/' failed: Error in connection establishment: net::ERR_CONNECTION_REFUSED @ http://localhost:5199/@vite/client:1034
[ 1864562ms] [ERROR] WebSocket connection to 'ws://localhost:5199/' failed: Error in connection establishment: net::ERR_CONNECTION_REFUSED @ http://localhost:5199/@vite/client:1034
[ 1872518ms] [ERROR] WebSocket connection to 'ws://localhost:5199/' failed: Error in connection establishment: net::ERR_CONNECTION_REFUSED @ http://localhost:5199/@vite/client:1034
[ 1877253ms] [ERROR] WebSocket connection to 'ws://localhost:5199/' failed: Error in connection establishment: net::ERR_CONNECTION_REFUSED @ http://localhost:5199/@vite/client:1034
[ 1884266ms] [ERROR] WebSocket connection to 'ws://localhost:5199/' failed: Error in connection establishment: net::ERR_CONNECTION_REFUSED @ http://localhost:5199/@vite/client:1034
[ 1891072ms] [ERROR] WebSocket connection to 'ws://localhost:5199/' failed: Error in connection establishment: net::ERR_CONNECTION_REFUSED @ http://localhost:5199/@vite/client:1034
[ 1895717ms] [ERROR] WebSocket connection to 'ws://localhost:5199/' failed: Error in connection establishment: net::ERR_CONNECTION_REFUSED @ http://localhost:5199/@vite/client:1034
[ 1903560ms] [ERROR] WebSocket connection to 'ws://localhost:5199/' failed: Error in connection establishment: net::ERR_CONNECTION_REFUSED @ http://localhost:5199/@vite/client:1034
[ 1910203ms] [ERROR] WebSocket connection to 'ws://localhost:5199/' failed: Error in connection establishment: net::ERR_CONNECTION_REFUSED @ http://localhost:5199/@vite/client:1034
[ 1916063ms] [ERROR] WebSocket connection to 'ws://localhost:5199/' failed: Error in connection establishment: net::ERR_CONNECTION_REFUSED @ http://localhost:5199/@vite/client:1034
[ 1923728ms] [ERROR] WebSocket connection to 'ws://localhost:5199/' failed: Error in connection establishment: net::ERR_CONNECTION_REFUSED @ http://localhost:5199/@vite/client:1034
[ 1930918ms] [ERROR] WebSocket connection to 'ws://localhost:5199/' failed: Error in connection establishment: net::ERR_CONNECTION_REFUSED @ http://localhost:5199/@vite/client:1034
[ 1937692ms] [ERROR] WebSocket connection to 'ws://localhost:5199/' failed: Error in connection establishment: net::ERR_CONNECTION_REFUSED @ http://localhost:5199/@vite/client:1034
[ 1942084ms] [ERROR] WebSocket connection to 'ws://localhost:5199/' failed: Error in connection establishment: net::ERR_CONNECTION_REFUSED @ http://localhost:5199/@vite/client:1034
[ 1947942ms] [ERROR] WebSocket connection to 'ws://localhost:5199/' failed: Error in connection establishment: net::ERR_CONNECTION_REFUSED @ http://localhost:5199/@vite/client:1034
[ 1953390ms] [ERROR] WebSocket connection to 'ws://localhost:5199/' failed: Error in connection establishment: net::ERR_CONNECTION_REFUSED @ http://localhost:5199/@vite/client:1034
[ 1957769ms] [ERROR] WebSocket connection to 'ws://localhost:5199/' failed: Error in connection establishment: net::ERR_CONNECTION_REFUSED @ http://localhost:5199/@vite/client:1034
[ 1963233ms] [ERROR] WebSocket connection to 'ws://localhost:5199/' failed: Error in connection establishment: net::ERR_CONNECTION_REFUSED @ http://localhost:5199/@vite/client:1034
[ 1967722ms] [ERROR] WebSocket connection to 'ws://localhost:5199/' failed: Error in connection establishment: net::ERR_CONNECTION_REFUSED @ http://localhost:5199/@vite/client:1034
[ 1975528ms] [ERROR] WebSocket connection to 'ws://localhost:5199/' failed: Error in connection establishment: net::ERR_CONNECTION_REFUSED @ http://localhost:5199/@vite/client:1034
[ 1982865ms] [ERROR] WebSocket connection to 'ws://localhost:5199/' failed: Error in connection establishment: net::ERR_CONNECTION_REFUSED @ http://localhost:5199/@vite/client:1034
[ 1988437ms] [ERROR] WebSocket connection to 'ws://localhost:5199/' failed: Error in connection establishment: net::ERR_CONNECTION_REFUSED @ http://localhost:5199/@vite/client:1034
[ 1995638ms] [ERROR] WebSocket connection to 'ws://localhost:5199/' failed: Error in connection establishment: net::ERR_CONNECTION_REFUSED @ http://localhost:5199/@vite/client:1034
[ 2000090ms] [ERROR] WebSocket connection to 'ws://localhost:5199/' failed: Error in connection establishment: net::ERR_CONNECTION_REFUSED @ http://localhost:5199/@vite/client:1034
[ 2005219ms] [ERROR] WebSocket connection to 'ws://localhost:5199/' failed: Error in connection establishment: net::ERR_CONNECTION_REFUSED @ http://localhost:5199/@vite/client:1034
[ 2009900ms] [ERROR] WebSocket connection to 'ws://localhost:5199/' failed: Error in connection establishment: net::ERR_CONNECTION_REFUSED @ http://localhost:5199/@vite/client:1034
[ 2014903ms] [ERROR] WebSocket connection to 'ws://localhost:5199/' failed: Error in connection establishment: net::ERR_CONNECTION_REFUSED @ http://localhost:5199/@vite/client:1034
[ 2022981ms] [ERROR] WebSocket connection to 'ws://localhost:5199/' failed: Error in connection establishment: net::ERR_CONNECTION_REFUSED @ http://localhost:5199/@vite/client:1034
[ 2027587ms] [ERROR] WebSocket connection to 'ws://localhost:5199/' failed: Error in connection establishment: net::ERR_CONNECTION_REFUSED @ http://localhost:5199/@vite/client:1034
[ 2035510ms] [ERROR] WebSocket connection to 'ws://localhost:5199/' failed: Error in connection establishment: net::ERR_CONNECTION_REFUSED @ http://localhost:5199/@vite/client:1034
[ 2043784ms] [ERROR] WebSocket connection to 'ws://localhost:5199/' failed: Error in connection establishment: net::ERR_CONNECTION_REFUSED @ http://localhost:5199/@vite/client:1034
[ 2048552ms] [ERROR] WebSocket connection to 'ws://localhost:5199/' failed: Error in connection establishment: net::ERR_CONNECTION_REFUSED @ http://localhost:5199/@vite/client:1034
[ 2054165ms] [ERROR] WebSocket connection to 'ws://localhost:5199/' failed: Error in connection establishment: net::ERR_CONNECTION_REFUSED @ http://localhost:5199/@vite/client:1034
[ 2062174ms] [ERROR] WebSocket connection to 'ws://localhost:5199/' failed: Error in connection establishment: net::ERR_CONNECTION_REFUSED @ http://localhost:5199/@vite/client:1034
[ 2069865ms] [ERROR] WebSocket connection to 'ws://localhost:5199/' failed: Error in connection establishment: net::ERR_CONNECTION_REFUSED @ http://localhost:5199/@vite/client:1034
[ 2077047ms] [ERROR] WebSocket connection to 'ws://localhost:5199/' failed: Error in connection establishment: net::ERR_CONNECTION_REFUSED @ http://localhost:5199/@vite/client:1034
[ 2082870ms] [ERROR] WebSocket connection to 'ws://localhost:5199/' failed: Error in connection establishment: net::ERR_CONNECTION_REFUSED @ http://localhost:5199/@vite/client:1034
[ 2086245ms] [ERROR] WebSocket connection to 'ws://localhost:5199/' failed: Error in connection establishment: net::ERR_CONNECTION_REFUSED @ http://localhost:5199/@vite/client:1034
[ 2089614ms] [ERROR] WebSocket connection to 'ws://localhost:5199/' failed: Error in connection establishment: net::ERR_CONNECTION_REFUSED @ http://localhost:5199/@vite/client:1034
[ 2092983ms] [ERROR] WebSocket connection to 'ws://localhost:5199/' failed: Error in connection establishment: net::ERR_CONNECTION_REFUSED @ http://localhost:5199/@vite/client:1034
[ 2096361ms] [ERROR] WebSocket connection to 'ws://localhost:5199/' failed: Error in connection establishment: net::ERR_CONNECTION_REFUSED @ http://localhost:5199/@vite/client:1034
[ 2099741ms] [ERROR] WebSocket connection to 'ws://localhost:5199/' failed: Error in connection establishment: net::ERR_CONNECTION_REFUSED @ http://localhost:5199/@vite/client:1034
[ 2103125ms] [ERROR] WebSocket connection to 'ws://localhost:5199/' failed: Error in connection establishment: net::ERR_CONNECTION_REFUSED @ http://localhost:5199/@vite/client:1034
[ 2106495ms] [ERROR] WebSocket connection to 'ws://localhost:5199/' failed: Error in connection establishment: net::ERR_CONNECTION_REFUSED @ http://localhost:5199/@vite/client:1034
[ 2109870ms] [ERROR] WebSocket connection to 'ws://localhost:5199/' failed: Error in connection establishment: net::ERR_CONNECTION_REFUSED @ http://localhost:5199/@vite/client:1034
[ 2113255ms] [ERROR] WebSocket connection to 'ws://localhost:5199/' failed: Error in connection establishment: net::ERR_CONNECTION_REFUSED @ http://localhost:5199/@vite/client:1034
[ 2116658ms] [ERROR] WebSocket connection to 'ws://localhost:5199/' failed: Error in connection establishment: net::ERR_CONNECTION_REFUSED @ http://localhost:5199/@vite/client:1034
[ 2120082ms] [ERROR] WebSocket connection to 'ws://localhost:5199/' failed: Error in connection establishment: net::ERR_CONNECTION_REFUSED @ http://localhost:5199/@vite/client:1034
[ 2123624ms] [ERROR] WebSocket connection to 'ws://localhost:5199/' failed: Error in connection establishment: net::ERR_CONNECTION_REFUSED @ http://localhost:5199/@vite/client:1034
[ 2127307ms] [ERROR] WebSocket connection to 'ws://localhost:5199/' failed: Error in connection establishment: net::ERR_CONNECTION_REFUSED @ http://localhost:5199/@vite/client:1034
[ 2131030ms] [ERROR] WebSocket connection to 'ws://localhost:5199/' failed: Error in connection establishment: net::ERR_CONNECTION_REFUSED @ http://localhost:5199/@vite/client:1034
[ 2134763ms] [ERROR] WebSocket connection to 'ws://localhost:5199/' failed: Error in connection establishment: net::ERR_CONNECTION_REFUSED @ http://localhost:5199/@vite/client:1034
[ 2140324ms] [ERROR] WebSocket connection to 'ws://localhost:5199/' failed: Error in connection establishment: net::ERR_CONNECTION_REFUSED @ http://localhost:5199/@vite/client:1034
[ 2148458ms] [ERROR] WebSocket connection to 'ws://localhost:5199/' failed: Error in connection establishment: net::ERR_CONNECTION_REFUSED @ http://localhost:5199/@vite/client:1034
[ 2156825ms] [ERROR] WebSocket connection to 'ws://localhost:5199/' failed: Error in connection establishment: net::ERR_CONNECTION_REFUSED @ http://localhost:5199/@vite/client:1034
[ 2164237ms] [ERROR] WebSocket connection to 'ws://localhost:5199/' failed: Error in connection establishment: net::ERR_CONNECTION_REFUSED @ http://localhost:5199/@vite/client:1034
[ 2170503ms] [ERROR] WebSocket connection to 'ws://localhost:5199/' failed: Error in connection establishment: net::ERR_CONNECTION_REFUSED @ http://localhost:5199/@vite/client:1034
[ 2178159ms] [ERROR] WebSocket connection to 'ws://localhost:5199/' failed: Error in connection establishment: net::ERR_CONNECTION_REFUSED @ http://localhost:5199/@vite/client:1034
[ 2182941ms] [ERROR] WebSocket connection to 'ws://localhost:5199/' failed: Error in connection establishment: net::ERR_CONNECTION_REFUSED @ http://localhost:5199/@vite/client:1034
[ 2188957ms] [ERROR] WebSocket connection to 'ws://localhost:5199/' failed: Error in connection establishment: net::ERR_CONNECTION_REFUSED @ http://localhost:5199/@vite/client:1034
[ 2194541ms] [ERROR] WebSocket connection to 'ws://localhost:5199/' failed: Error in connection establishment: net::ERR_CONNECTION_REFUSED @ http://localhost:5199/@vite/client:1034
[ 2201393ms] [ERROR] WebSocket connection to 'ws://localhost:5199/' failed: Error in connection establishment: net::ERR_CONNECTION_REFUSED @ http://localhost:5199/@vite/client:1034
[ 2209759ms] [ERROR] WebSocket connection to 'ws://localhost:5199/' failed: Error in connection establishment: net::ERR_CONNECTION_REFUSED @ http://localhost:5199/@vite/client:1034
[ 2217966ms] [ERROR] WebSocket connection to 'ws://localhost:5199/' failed: Error in connection establishment: net::ERR_CONNECTION_REFUSED @ http://localhost:5199/@vite/client:1034
[ 2223650ms] [ERROR] WebSocket connection to 'ws://localhost:5199/' failed: Error in connection establishment: net::ERR_CONNECTION_REFUSED @ http://localhost:5199/@vite/client:1034
[ 2228926ms] [ERROR] WebSocket connection to 'ws://localhost:5199/' failed: Error in connection establishment: net::ERR_CONNECTION_REFUSED @ http://localhost:5199/@vite/client:1034
[ 2233402ms] [ERROR] WebSocket connection to 'ws://localhost:5199/' failed: Error in connection establishment: net::ERR_CONNECTION_REFUSED @ http://localhost:5199/@vite/client:1034
[ 2239491ms] [ERROR] WebSocket connection to 'ws://localhost:5199/' failed: Error in connection establishment: net::ERR_CONNECTION_REFUSED @ http://localhost:5199/@vite/client:1034
[ 2247099ms] [ERROR] WebSocket connection to 'ws://localhost:5199/' failed: Error in connection establishment: net::ERR_CONNECTION_REFUSED @ http://localhost:5199/@vite/client:1034
[ 2252887ms] [ERROR] WebSocket connection to 'ws://localhost:5199/' failed: Error in connection establishment: net::ERR_CONNECTION_REFUSED @ http://localhost:5199/@vite/client:1034
[ 2260925ms] [ERROR] WebSocket connection to 'ws://localhost:5199/' failed: Error in connection establishment: net::ERR_CONNECTION_REFUSED @ http://localhost:5199/@vite/client:1034
[ 2265717ms] [ERROR] WebSocket connection to 'ws://localhost:5199/' failed: Error in connection establishment: net::ERR_CONNECTION_REFUSED @ http://localhost:5199/@vite/client:1034
[ 2273634ms] [ERROR] WebSocket connection to 'ws://localhost:5199/' failed: Error in connection establishment: net::ERR_CONNECTION_REFUSED @ http://localhost:5199/@vite/client:1034
[ 2281992ms] [ERROR] WebSocket connection to 'ws://localhost:5199/' failed: Error in connection establishment: net::ERR_CONNECTION_REFUSED @ http://localhost:5199/@vite/client:1034
[ 2289860ms] [ERROR] WebSocket connection to 'ws://localhost:5199/' failed: Error in connection establishment: net::ERR_CONNECTION_REFUSED @ http://localhost:5199/@vite/client:1034
[ 2297322ms] [ERROR] WebSocket connection to 'ws://localhost:5199/' failed: Error in connection establishment: net::ERR_CONNECTION_REFUSED @ http://localhost:5199/@vite/client:1034
[ 2303432ms] [ERROR] WebSocket connection to 'ws://localhost:5199/' failed: Error in connection establishment: net::ERR_CONNECTION_REFUSED @ http://localhost:5199/@vite/client:1034
[ 2309308ms] [ERROR] WebSocket connection to 'ws://localhost:5199/' failed: Error in connection establishment: net::ERR_CONNECTION_REFUSED @ http://localhost:5199/@vite/client:1034
[ 2315435ms] [ERROR] WebSocket connection to 'ws://localhost:5199/' failed: Error in connection establishment: net::ERR_CONNECTION_REFUSED @ http://localhost:5199/@vite/client:1034
[ 2321000ms] [ERROR] WebSocket connection to 'ws://localhost:5199/' failed: Error in connection establishment: net::ERR_CONNECTION_REFUSED @ http://localhost:5199/@vite/client:1034
[ 2328072ms] [ERROR] WebSocket connection to 'ws://localhost:5199/' failed: Error in connection establishment: net::ERR_CONNECTION_REFUSED @ http://localhost:5199/@vite/client:1034
[ 2336033ms] [ERROR] WebSocket connection to 'ws://localhost:5199/' failed: Error in connection establishment: net::ERR_CONNECTION_REFUSED @ http://localhost:5199/@vite/client:1034
[ 2343056ms] [ERROR] WebSocket connection to 'ws://localhost:5199/' failed: Error in connection establishment: net::ERR_CONNECTION_REFUSED @ http://localhost:5199/@vite/client:1034
[ 2347484ms] [ERROR] WebSocket connection to 'ws://localhost:5199/' failed: Error in connection establishment: net::ERR_CONNECTION_REFUSED @ http://localhost:5199/@vite/client:1034
[ 2355672ms] [ERROR] WebSocket connection to 'ws://localhost:5199/' failed: Error in connection establishment: net::ERR_CONNECTION_REFUSED @ http://localhost:5199/@vite/client:1034
[ 2362404ms] [ERROR] WebSocket connection to 'ws://localhost:5199/' failed: Error in connection establishment: net::ERR_CONNECTION_REFUSED @ http://localhost:5199/@vite/client:1034
[ 2369960ms] [ERROR] WebSocket connection to 'ws://localhost:5199/' failed: Error in connection establishment: net::ERR_CONNECTION_REFUSED @ http://localhost:5199/@vite/client:1034
[ 2376224ms] [ERROR] WebSocket connection to 'ws://localhost:5199/' failed: Error in connection establishment: net::ERR_CONNECTION_REFUSED @ http://localhost:5199/@vite/client:1034
[ 2381665ms] [ERROR] WebSocket connection to 'ws://localhost:5199/' failed: Error in connection establishment: net::ERR_CONNECTION_REFUSED @ http://localhost:5199/@vite/client:1034
[ 2389604ms] [ERROR] WebSocket connection to 'ws://localhost:5199/' failed: Error in connection establishment: net::ERR_CONNECTION_REFUSED @ http://localhost:5199/@vite/client:1034
[ 2396257ms] [ERROR] WebSocket connection to 'ws://localhost:5199/' failed: Error in connection establishment: net::ERR_CONNECTION_REFUSED @ http://localhost:5199/@vite/client:1034
[ 2404102ms] [ERROR] WebSocket connection to 'ws://localhost:5199/' failed: Error in connection establishment: net::ERR_CONNECTION_REFUSED @ http://localhost:5199/@vite/client:1034
[ 2409600ms] [ERROR] WebSocket connection to 'ws://localhost:5199/' failed: Error in connection establishment: net::ERR_CONNECTION_REFUSED @ http://localhost:5199/@vite/client:1034
[ 2417431ms] [ERROR] WebSocket connection to 'ws://localhost:5199/' failed: Error in connection establishment: net::ERR_CONNECTION_REFUSED @ http://localhost:5199/@vite/client:1034
[ 2421964ms] [ERROR] WebSocket connection to 'ws://localhost:5199/' failed: Error in connection establishment: net::ERR_CONNECTION_REFUSED @ http://localhost:5199/@vite/client:1034
[ 2427250ms] [ERROR] WebSocket connection to 'ws://localhost:5199/' failed: Error in connection establishment: net::ERR_CONNECTION_REFUSED @ http://localhost:5199/@vite/client:1034
[ 2434406ms] [ERROR] WebSocket connection to 'ws://localhost:5199/' failed: Error in connection establishment: net::ERR_CONNECTION_REFUSED @ http://localhost:5199/@vite/client:1034
[ 2442450ms] [ERROR] WebSocket connection to 'ws://localhost:5199/' failed: Error in connection establishment: net::ERR_CONNECTION_REFUSED @ http://localhost:5199/@vite/client:1034
[ 2447800ms] [ERROR] WebSocket connection to 'ws://localhost:5199/' failed: Error in connection establishment: net::ERR_CONNECTION_REFUSED @ http://localhost:5199/@vite/client:1034
[ 2454682ms] [ERROR] WebSocket connection to 'ws://localhost:5199/' failed: Error in connection establishment: net::ERR_CONNECTION_REFUSED @ http://localhost:5199/@vite/client:1034
[ 2461171ms] [ERROR] WebSocket connection to 'ws://localhost:5199/' failed: Error in connection establishment: net::ERR_CONNECTION_REFUSED @ http://localhost:5199/@vite/client:1034
[ 2466867ms] [ERROR] WebSocket connection to 'ws://localhost:5199/' failed: Error in connection establishment: net::ERR_CONNECTION_REFUSED @ http://localhost:5199/@vite/client:1034
[ 2472247ms] [ERROR] WebSocket connection to 'ws://localhost:5199/' failed: Error in connection establishment: net::ERR_CONNECTION_REFUSED @ http://localhost:5199/@vite/client:1034
[ 2478684ms] [ERROR] WebSocket connection to 'ws://localhost:5199/' failed: Error in connection establishment: net::ERR_CONNECTION_REFUSED @ http://localhost:5199/@vite/client:1034
[ 2485217ms] [ERROR] WebSocket connection to 'ws://localhost:5199/' failed: Error in connection establishment: net::ERR_CONNECTION_REFUSED @ http://localhost:5199/@vite/client:1034
[ 2489758ms] [ERROR] WebSocket connection to 'ws://localhost:5199/' failed: Error in connection establishment: net::ERR_CONNECTION_REFUSED @ http://localhost:5199/@vite/client:1034
[ 2495512ms] [ERROR] WebSocket connection to 'ws://localhost:5199/' failed: Error in connection establishment: net::ERR_CONNECTION_REFUSED @ http://localhost:5199/@vite/client:1034
[ 2503851ms] [ERROR] WebSocket connection to 'ws://localhost:5199/' failed: Error in connection establishment: net::ERR_CONNECTION_REFUSED @ http://localhost:5199/@vite/client:1034
[ 2511476ms] [ERROR] WebSocket connection to 'ws://localhost:5199/' failed: Error in connection establishment: net::ERR_CONNECTION_REFUSED @ http://localhost:5199/@vite/client:1034
[ 2518444ms] [ERROR] WebSocket connection to 'ws://localhost:5199/' failed: Error in connection establishment: net::ERR_CONNECTION_REFUSED @ http://localhost:5199/@vite/client:1034
[ 2523366ms] [ERROR] WebSocket connection to 'ws://localhost:5199/' failed: Error in connection establishment: net::ERR_CONNECTION_REFUSED @ http://localhost:5199/@vite/client:1034
[ 2527824ms] [ERROR] WebSocket connection to 'ws://localhost:5199/' failed: Error in connection establishment: net::ERR_CONNECTION_REFUSED @ http://localhost:5199/@vite/client:1034
[ 2534481ms] [ERROR] WebSocket connection to 'ws://localhost:5199/' failed: Error in connection establishment: net::ERR_CONNECTION_REFUSED @ http://localhost:5199/@vite/client:1034
[ 2542771ms] [ERROR] WebSocket connection to 'ws://localhost:5199/' failed: Error in connection establishment: net::ERR_CONNECTION_REFUSED @ http://localhost:5199/@vite/client:1034
[ 2547318ms] [ERROR] WebSocket connection to 'ws://localhost:5199/' failed: Error in connection establishment: net::ERR_CONNECTION_REFUSED @ http://localhost:5199/@vite/client:1034
[ 2552025ms] [ERROR] WebSocket connection to 'ws://localhost:5199/' failed: Error in connection establishment: net::ERR_CONNECTION_REFUSED @ http://localhost:5199/@vite/client:1034
[ 2558770ms] [ERROR] WebSocket connection to 'ws://localhost:5199/' failed: Error in connection establishment: net::ERR_CONNECTION_REFUSED @ http://localhost:5199/@vite/client:1034
[ 2563546ms] [ERROR] WebSocket connection to 'ws://localhost:5199/' failed: Error in connection establishment: net::ERR_CONNECTION_REFUSED @ http://localhost:5199/@vite/client:1034
[ 2566919ms] [ERROR] WebSocket connection to 'ws://localhost:5199/' failed: Error in connection establishment: net::ERR_CONNECTION_REFUSED @ http://localhost:5199/@vite/client:1034
[ 2570277ms] [ERROR] WebSocket connection to 'ws://localhost:5199/' failed: Error in connection establishment: net::ERR_CONNECTION_REFUSED @ http://localhost:5199/@vite/client:1034
[ 2573644ms] [ERROR] WebSocket connection to 'ws://localhost:5199/' failed: Error in connection establishment: net::ERR_CONNECTION_REFUSED @ http://localhost:5199/@vite/client:1034
[ 2577009ms] [ERROR] WebSocket connection to 'ws://localhost:5199/' failed: Error in connection establishment: net::ERR_CONNECTION_REFUSED @ http://localhost:5199/@vite/client:1034
[ 2580365ms] [ERROR] WebSocket connection to 'ws://localhost:5199/' failed: Error in connection establishment: net::ERR_CONNECTION_REFUSED @ http://localhost:5199/@vite/client:1034
[ 2583736ms] [ERROR] WebSocket connection to 'ws://localhost:5199/' failed: Error in connection establishment: net::ERR_CONNECTION_REFUSED @ http://localhost:5199/@vite/client:1034
[ 2587106ms] [ERROR] WebSocket connection to 'ws://localhost:5199/' failed: Error in connection establishment: net::ERR_CONNECTION_REFUSED @ http://localhost:5199/@vite/client:1034
[ 2590489ms] [ERROR] WebSocket connection to 'ws://localhost:5199/' failed: Error in connection establishment: net::ERR_CONNECTION_REFUSED @ http://localhost:5199/@vite/client:1034
[ 2593867ms] [ERROR] WebSocket connection to 'ws://localhost:5199/' failed: Error in connection establishment: net::ERR_CONNECTION_REFUSED @ http://localhost:5199/@vite/client:1034
[ 2597277ms] [ERROR] WebSocket connection to 'ws://localhost:5199/' failed: Error in connection establishment: net::ERR_CONNECTION_REFUSED @ http://localhost:5199/@vite/client:1034
[ 2600723ms] [ERROR] WebSocket connection to 'ws://localhost:5199/' failed: Error in connection establishment: net::ERR_CONNECTION_REFUSED @ http://localhost:5199/@vite/client:1034
[ 2604153ms] [ERROR] WebSocket connection to 'ws://localhost:5199/' failed: Error in connection establishment: net::ERR_CONNECTION_REFUSED @ http://localhost:5199/@vite/client:1034
[ 2607654ms] [ERROR] WebSocket connection to 'ws://localhost:5199/' failed: Error in connection establishment: net::ERR_CONNECTION_REFUSED @ http://localhost:5199/@vite/client:1034
[ 2611426ms] [ERROR] WebSocket connection to 'ws://localhost:5199/' failed: Error in connection establishment: net::ERR_CONNECTION_REFUSED @ http://localhost:5199/@vite/client:1034
[ 2615379ms] [ERROR] WebSocket connection to 'ws://localhost:5199/' failed: Error in connection establishment: net::ERR_CONNECTION_REFUSED @ http://localhost:5199/@vite/client:1034
[ 2620481ms] [ERROR] WebSocket connection to 'ws://localhost:5199/' failed: Error in connection establishment: net::ERR_CONNECTION_REFUSED @ http://localhost:5199/@vite/client:1034
[ 2626151ms] [ERROR] WebSocket connection to 'ws://localhost:5199/' failed: Error in connection establishment: net::ERR_CONNECTION_REFUSED @ http://localhost:5199/@vite/client:1034
[ 2632051ms] [ERROR] WebSocket connection to 'ws://localhost:5199/' failed: Error in connection establishment: net::ERR_CONNECTION_REFUSED @ http://localhost:5199/@vite/client:1034
[ 2638276ms] [ERROR] WebSocket connection to 'ws://localhost:5199/' failed: Error in connection establishment: net::ERR_CONNECTION_REFUSED @ http://localhost:5199/@vite/client:1034
[ 2645671ms] [ERROR] WebSocket connection to 'ws://localhost:5199/' failed: Error in connection establishment: net::ERR_CONNECTION_REFUSED @ http://localhost:5199/@vite/client:1034
[ 2653450ms] [ERROR] WebSocket connection to 'ws://localhost:5199/' failed: Error in connection establishment: net::ERR_CONNECTION_REFUSED @ http://localhost:5199/@vite/client:1034
[ 2658377ms] [ERROR] WebSocket connection to 'ws://localhost:5199/' failed: Error in connection establishment: net::ERR_CONNECTION_REFUSED @ http://localhost:5199/@vite/client:1034
[ 2663723ms] [ERROR] WebSocket connection to 'ws://localhost:5199/' failed: Error in connection establishment: net::ERR_CONNECTION_REFUSED @ http://localhost:5199/@vite/client:1034
[ 2670696ms] [ERROR] WebSocket connection to 'ws://localhost:5199/' failed: Error in connection establishment: net::ERR_CONNECTION_REFUSED @ http://localhost:5199/@vite/client:1034
[ 2675777ms] [ERROR] WebSocket connection to 'ws://localhost:5199/' failed: Error in connection establishment: net::ERR_CONNECTION_REFUSED @ http://localhost:5199/@vite/client:1034
[ 2683338ms] [ERROR] WebSocket connection to 'ws://localhost:5199/' failed: Error in connection establishment: net::ERR_CONNECTION_REFUSED @ http://localhost:5199/@vite/client:1034
[ 2687905ms] [ERROR] WebSocket connection to 'ws://localhost:5199/' failed: Error in connection establishment: net::ERR_CONNECTION_REFUSED @ http://localhost:5199/@vite/client:1034
[ 2692941ms] [ERROR] WebSocket connection to 'ws://localhost:5199/' failed: Error in connection establishment: net::ERR_CONNECTION_REFUSED @ http://localhost:5199/@vite/client:1034
[ 2697445ms] [ERROR] WebSocket connection to 'ws://localhost:5199/' failed: Error in connection establishment: net::ERR_CONNECTION_REFUSED @ http://localhost:5199/@vite/client:1034
[ 2705525ms] [ERROR] WebSocket connection to 'ws://localhost:5199/' failed: Error in connection establishment: net::ERR_CONNECTION_REFUSED @ http://localhost:5199/@vite/client:1034
[ 2713476ms] [ERROR] WebSocket connection to 'ws://localhost:5199/' failed: Error in connection establishment: net::ERR_CONNECTION_REFUSED @ http://localhost:5199/@vite/client:1034
[ 2720332ms] [ERROR] WebSocket connection to 'ws://localhost:5199/' failed: Error in connection establishment: net::ERR_CONNECTION_REFUSED @ http://localhost:5199/@vite/client:1034
[ 2725162ms] [ERROR] WebSocket connection to 'ws://localhost:5199/' failed: Error in connection establishment: net::ERR_CONNECTION_REFUSED @ http://localhost:5199/@vite/client:1034
[ 2732354ms] [ERROR] WebSocket connection to 'ws://localhost:5199/' failed: Error in connection establishment: net::ERR_CONNECTION_REFUSED @ http://localhost:5199/@vite/client:1034
[ 2739215ms] [ERROR] WebSocket connection to 'ws://localhost:5199/' failed: Error in connection establishment: net::ERR_CONNECTION_REFUSED @ http://localhost:5199/@vite/client:1034
[ 2746099ms] [ERROR] WebSocket connection to 'ws://localhost:5199/' failed: Error in connection establishment: net::ERR_CONNECTION_REFUSED @ http://localhost:5199/@vite/client:1034
[ 2753667ms] [ERROR] WebSocket connection to 'ws://localhost:5199/' failed: Error in connection establishment: net::ERR_CONNECTION_REFUSED @ http://localhost:5199/@vite/client:1034
[ 2758206ms] [ERROR] WebSocket connection to 'ws://localhost:5199/' failed: Error in connection establishment: net::ERR_CONNECTION_REFUSED @ http://localhost:5199/@vite/client:1034
[ 2766024ms] [ERROR] WebSocket connection to 'ws://localhost:5199/' failed: Error in connection establishment: net::ERR_CONNECTION_REFUSED @ http://localhost:5199/@vite/client:1034
[ 2772124ms] [ERROR] WebSocket connection to 'ws://localhost:5199/' failed: Error in connection establishment: net::ERR_CONNECTION_REFUSED @ http://localhost:5199/@vite/client:1034
[ 2776998ms] [ERROR] WebSocket connection to 'ws://localhost:5199/' failed: Error in connection establishment: net::ERR_CONNECTION_REFUSED @ http://localhost:5199/@vite/client:1034
[ 2783202ms] [ERROR] WebSocket connection to 'ws://localhost:5199/' failed: Error in connection establishment: net::ERR_CONNECTION_REFUSED @ http://localhost:5199/@vite/client:1034
[ 2790920ms] [ERROR] WebSocket connection to 'ws://localhost:5199/' failed: Error in connection establishment: net::ERR_CONNECTION_REFUSED @ http://localhost:5199/@vite/client:1034
[ 2797782ms] [ERROR] WebSocket connection to 'ws://localhost:5199/' failed: Error in connection establishment: net::ERR_CONNECTION_REFUSED @ http://localhost:5199/@vite/client:1034
[ 2802765ms] [ERROR] WebSocket connection to 'ws://localhost:5199/' failed: Error in connection establishment: net::ERR_CONNECTION_REFUSED @ http://localhost:5199/@vite/client:1034
[ 2808237ms] [ERROR] WebSocket connection to 'ws://localhost:5199/' failed: Error in connection establishment: net::ERR_CONNECTION_REFUSED @ http://localhost:5199/@vite/client:1034
[ 2816113ms] [ERROR] WebSocket connection to 'ws://localhost:5199/' failed: Error in connection establishment: net::ERR_CONNECTION_REFUSED @ http://localhost:5199/@vite/client:1034
[ 2822261ms] [ERROR] WebSocket connection to 'ws://localhost:5199/' failed: Error in connection establishment: net::ERR_CONNECTION_REFUSED @ http://localhost:5199/@vite/client:1034
[ 2829096ms] [ERROR] WebSocket connection to 'ws://localhost:5199/' failed: Error in connection establishment: net::ERR_CONNECTION_REFUSED @ http://localhost:5199/@vite/client:1034
[ 2833647ms] [ERROR] WebSocket connection to 'ws://localhost:5199/' failed: Error in connection establishment: net::ERR_CONNECTION_REFUSED @ http://localhost:5199/@vite/client:1034
[ 2840862ms] [ERROR] WebSocket connection to 'ws://localhost:5199/' failed: Error in connection establishment: net::ERR_CONNECTION_REFUSED @ http://localhost:5199/@vite/client:1034
[ 2847489ms] [ERROR] WebSocket connection to 'ws://localhost:5199/' failed: Error in connection establishment: net::ERR_CONNECTION_REFUSED @ http://localhost:5199/@vite/client:1034
[ 2854849ms] [ERROR] WebSocket connection to 'ws://localhost:5199/' failed: Error in connection establishment: net::ERR_CONNECTION_REFUSED @ http://localhost:5199/@vite/client:1034
[ 2861870ms] [ERROR] WebSocket connection to 'ws://localhost:5199/' failed: Error in connection establishment: net::ERR_CONNECTION_REFUSED @ http://localhost:5199/@vite/client:1034
[ 2868473ms] [ERROR] WebSocket connection to 'ws://localhost:5199/' failed: Error in connection establishment: net::ERR_CONNECTION_REFUSED @ http://localhost:5199/@vite/client:1034
[ 2873741ms] [ERROR] WebSocket connection to 'ws://localhost:5199/' failed: Error in connection establishment: net::ERR_CONNECTION_REFUSED @ http://localhost:5199/@vite/client:1034
[ 2879569ms] [ERROR] WebSocket connection to 'ws://localhost:5199/' failed: Error in connection establishment: net::ERR_CONNECTION_REFUSED @ http://localhost:5199/@vite/client:1034
[ 2886467ms] [ERROR] WebSocket connection to 'ws://localhost:5199/' failed: Error in connection establishment: net::ERR_CONNECTION_REFUSED @ http://localhost:5199/@vite/client:1034
[ 2894530ms] [ERROR] WebSocket connection to 'ws://localhost:5199/' failed: Error in connection establishment: net::ERR_CONNECTION_REFUSED @ http://localhost:5199/@vite/client:1034
[ 2902013ms] [ERROR] WebSocket connection to 'ws://localhost:5199/' failed: Error in connection establishment: net::ERR_CONNECTION_REFUSED @ http://localhost:5199/@vite/client:1034
[ 2907255ms] [ERROR] WebSocket connection to 'ws://localhost:5199/' failed: Error in connection establishment: net::ERR_CONNECTION_REFUSED @ http://localhost:5199/@vite/client:1034
[ 2912897ms] [ERROR] WebSocket connection to 'ws://localhost:5199/' failed: Error in connection establishment: net::ERR_CONNECTION_REFUSED @ http://localhost:5199/@vite/client:1034
[ 2919615ms] [ERROR] WebSocket connection to 'ws://localhost:5199/' failed: Error in connection establishment: net::ERR_CONNECTION_REFUSED @ http://localhost:5199/@vite/client:1034
[ 2927049ms] [ERROR] WebSocket connection to 'ws://localhost:5199/' failed: Error in connection establishment: net::ERR_CONNECTION_REFUSED @ http://localhost:5199/@vite/client:1034
[ 2934344ms] [ERROR] WebSocket connection to 'ws://localhost:5199/' failed: Error in connection establishment: net::ERR_CONNECTION_REFUSED @ http://localhost:5199/@vite/client:1034
[ 2942158ms] [ERROR] WebSocket connection to 'ws://localhost:5199/' failed: Error in connection establishment: net::ERR_CONNECTION_REFUSED @ http://localhost:5199/@vite/client:1034
[ 2946536ms] [ERROR] WebSocket connection to 'ws://localhost:5199/' failed: Error in connection establishment: net::ERR_CONNECTION_REFUSED @ http://localhost:5199/@vite/client:1034
[ 2954003ms] [ERROR] WebSocket connection to 'ws://localhost:5199/' failed: Error in connection establishment: net::ERR_CONNECTION_REFUSED @ http://localhost:5199/@vite/client:1034
[ 2958550ms] [ERROR] WebSocket connection to 'ws://localhost:5199/' failed: Error in connection establishment: net::ERR_CONNECTION_REFUSED @ http://localhost:5199/@vite/client:1034
[ 2965138ms] [ERROR] WebSocket connection to 'ws://localhost:5199/' failed: Error in connection establishment: net::ERR_CONNECTION_REFUSED @ http://localhost:5199/@vite/client:1034
[ 2970585ms] [ERROR] WebSocket connection to 'ws://localhost:5199/' failed: Error in connection establishment: net::ERR_CONNECTION_REFUSED @ http://localhost:5199/@vite/client:1034
[ 2978679ms] [ERROR] WebSocket connection to 'ws://localhost:5199/' failed: Error in connection establishment: net::ERR_CONNECTION_REFUSED @ http://localhost:5199/@vite/client:1034
[ 2986809ms] [ERROR] WebSocket connection to 'ws://localhost:5199/' failed: Error in connection establishment: net::ERR_CONNECTION_REFUSED @ http://localhost:5199/@vite/client:1034
[ 2992250ms] [ERROR] WebSocket connection to 'ws://localhost:5199/' failed: Error in connection establishment: net::ERR_CONNECTION_REFUSED @ http://localhost:5199/@vite/client:1034
[ 2999472ms] [ERROR] WebSocket connection to 'ws://localhost:5199/' failed: Error in connection establishment: net::ERR_CONNECTION_REFUSED @ http://localhost:5199/@vite/client:1034
[ 3006189ms] [ERROR] WebSocket connection to 'ws://localhost:5199/' failed: Error in connection establishment: net::ERR_CONNECTION_REFUSED @ http://localhost:5199/@vite/client:1034
[ 3014477ms] [ERROR] WebSocket connection to 'ws://localhost:5199/' failed: Error in connection establishment: net::ERR_CONNECTION_REFUSED @ http://localhost:5199/@vite/client:1034
[ 3019556ms] [ERROR] WebSocket connection to 'ws://localhost:5199/' failed: Error in connection establishment: net::ERR_CONNECTION_REFUSED @ http://localhost:5199/@vite/client:1034
[ 3026593ms] [ERROR] WebSocket connection to 'ws://localhost:5199/' failed: Error in connection establishment: net::ERR_CONNECTION_REFUSED @ http://localhost:5199/@vite/client:1034
[ 3033855ms] [ERROR] WebSocket connection to 'ws://localhost:5199/' failed: Error in connection establishment: net::ERR_CONNECTION_REFUSED @ http://localhost:5199/@vite/client:1034
[ 3040511ms] [ERROR] WebSocket connection to 'ws://localhost:5199/' failed: Error in connection establishment: net::ERR_CONNECTION_REFUSED @ http://localhost:5199/@vite/client:1034
[ 3045200ms] [ERROR] WebSocket connection to 'ws://localhost:5199/' failed: Error in connection establishment: net::ERR_CONNECTION_REFUSED @ http://localhost:5199/@vite/client:1034
[ 3052854ms] [ERROR] WebSocket connection to 'ws://localhost:5199/' failed: Error in connection establishment: net::ERR_CONNECTION_REFUSED @ http://localhost:5199/@vite/client:1034
[ 3059942ms] [ERROR] WebSocket connection to 'ws://localhost:5199/' failed: Error in connection establishment: net::ERR_CONNECTION_REFUSED @ http://localhost:5199/@vite/client:1034
[ 3066236ms] [ERROR] WebSocket connection to 'ws://localhost:5199/' failed: Error in connection establishment: net::ERR_CONNECTION_REFUSED @ http://localhost:5199/@vite/client:1034
[ 3071956ms] [ERROR] WebSocket connection to 'ws://localhost:5199/' failed: Error in connection establishment: net::ERR_CONNECTION_REFUSED @ http://localhost:5199/@vite/client:1034
[ 3079330ms] [ERROR] WebSocket connection to 'ws://localhost:5199/' failed: Error in connection establishment: net::ERR_CONNECTION_REFUSED @ http://localhost:5199/@vite/client:1034
[ 3085691ms] [ERROR] WebSocket connection to 'ws://localhost:5199/' failed: Error in connection establishment: net::ERR_CONNECTION_REFUSED @ http://localhost:5199/@vite/client:1034
[ 3093010ms] [ERROR] WebSocket connection to 'ws://localhost:5199/' failed: Error in connection establishment: net::ERR_CONNECTION_REFUSED @ http://localhost:5199/@vite/client:1034
[ 3100196ms] [ERROR] WebSocket connection to 'ws://localhost:5199/' failed: Error in connection establishment: net::ERR_CONNECTION_REFUSED @ http://localhost:5199/@vite/client:1034
[ 3107571ms] [ERROR] WebSocket connection to 'ws://localhost:5199/' failed: Error in connection establishment: net::ERR_CONNECTION_REFUSED @ http://localhost:5199/@vite/client:1034
[ 3113250ms] [ERROR] WebSocket connection to 'ws://localhost:5199/' failed: Error in connection establishment: net::ERR_CONNECTION_REFUSED @ http://localhost:5199/@vite/client:1034
[ 3119410ms] [ERROR] WebSocket connection to 'ws://localhost:5199/' failed: Error in connection establishment: net::ERR_CONNECTION_REFUSED @ http://localhost:5199/@vite/client:1034
[ 3126450ms] [ERROR] WebSocket connection to 'ws://localhost:5199/' failed: Error in connection establishment: net::ERR_CONNECTION_REFUSED @ http://localhost:5199/@vite/client:1034
[ 3131519ms] [ERROR] WebSocket connection to 'ws://localhost:5199/' failed: Error in connection establishment: net::ERR_CONNECTION_REFUSED @ http://localhost:5199/@vite/client:1034
[ 3139629ms] [ERROR] WebSocket connection to 'ws://localhost:5199/' failed: Error in connection establishment: net::ERR_CONNECTION_REFUSED @ http://localhost:5199/@vite/client:1034
[ 3147309ms] [ERROR] WebSocket connection to 'ws://localhost:5199/' failed: Error in connection establishment: net::ERR_CONNECTION_REFUSED @ http://localhost:5199/@vite/client:1034
[ 3155265ms] [ERROR] WebSocket connection to 'ws://localhost:5199/' failed: Error in connection establishment: net::ERR_CONNECTION_REFUSED @ http://localhost:5199/@vite/client:1034
[ 3163281ms] [ERROR] WebSocket connection to 'ws://localhost:5199/' failed: Error in connection establishment: net::ERR_CONNECTION_REFUSED @ http://localhost:5199/@vite/client:1034
[ 3170250ms] [ERROR] WebSocket connection to 'ws://localhost:5199/' failed: Error in connection establishment: net::ERR_CONNECTION_REFUSED @ http://localhost:5199/@vite/client:1034
[ 3175893ms] [ERROR] WebSocket connection to 'ws://localhost:5199/' failed: Error in connection establishment: net::ERR_CONNECTION_REFUSED @ http://localhost:5199/@vite/client:1034
[ 3182619ms] [ERROR] WebSocket connection to 'ws://localhost:5199/' failed: Error in connection establishment: net::ERR_CONNECTION_REFUSED @ http://localhost:5199/@vite/client:1034
[ 3188248ms] [ERROR] WebSocket connection to 'ws://localhost:5199/' failed: Error in connection establishment: net::ERR_CONNECTION_REFUSED @ http://localhost:5199/@vite/client:1034
[ 3193701ms] [ERROR] WebSocket connection to 'ws://localhost:5199/' failed: Error in connection establishment: net::ERR_CONNECTION_REFUSED @ http://localhost:5199/@vite/client:1034
[ 3200744ms] [ERROR] WebSocket connection to 'ws://localhost:5199/' failed: Error in connection establishment: net::ERR_CONNECTION_REFUSED @ http://localhost:5199/@vite/client:1034
[ 3208753ms] [ERROR] WebSocket connection to 'ws://localhost:5199/' failed: Error in connection establishment: net::ERR_CONNECTION_REFUSED @ http://localhost:5199/@vite/client:1034
[ 3215276ms] [ERROR] WebSocket connection to 'ws://localhost:5199/' failed: Error in connection establishment: net::ERR_CONNECTION_REFUSED @ http://localhost:5199/@vite/client:1034
[ 3220239ms] [ERROR] WebSocket connection to 'ws://localhost:5199/' failed: Error in connection establishment: net::ERR_CONNECTION_REFUSED @ http://localhost:5199/@vite/client:1034
[ 3225826ms] [ERROR] WebSocket connection to 'ws://localhost:5199/' failed: Error in connection establishment: net::ERR_CONNECTION_REFUSED @ http://localhost:5199/@vite/client:1034
[ 3233060ms] [ERROR] WebSocket connection to 'ws://localhost:5199/' failed: Error in connection establishment: net::ERR_CONNECTION_REFUSED @ http://localhost:5199/@vite/client:1034
[ 3239089ms] [ERROR] WebSocket connection to 'ws://localhost:5199/' failed: Error in connection establishment: net::ERR_CONNECTION_REFUSED @ http://localhost:5199/@vite/client:1034
[ 3245092ms] [ERROR] WebSocket connection to 'ws://localhost:5199/' failed: Error in connection establishment: net::ERR_CONNECTION_REFUSED @ http://localhost:5199/@vite/client:1034
[ 3250105ms] [ERROR] WebSocket connection to 'ws://localhost:5199/' failed: Error in connection establishment: net::ERR_CONNECTION_REFUSED @ http://localhost:5199/@vite/client:1034
[ 3256358ms] [ERROR] WebSocket connection to 'ws://localhost:5199/' failed: Error in connection establishment: net::ERR_CONNECTION_REFUSED @ http://localhost:5199/@vite/client:1034
[ 3261140ms] [ERROR] WebSocket connection to 'ws://localhost:5199/' failed: Error in connection establishment: net::ERR_CONNECTION_REFUSED @ http://localhost:5199/@vite/client:1034
[ 3269014ms] [ERROR] WebSocket connection to 'ws://localhost:5199/' failed: Error in connection establishment: net::ERR_CONNECTION_REFUSED @ http://localhost:5199/@vite/client:1034
[ 3277339ms] [ERROR] WebSocket connection to 'ws://localhost:5199/' failed: Error in connection establishment: net::ERR_CONNECTION_REFUSED @ http://localhost:5199/@vite/client:1034
[ 3284805ms] [ERROR] WebSocket connection to 'ws://localhost:5199/' failed: Error in connection establishment: net::ERR_CONNECTION_REFUSED @ http://localhost:5199/@vite/client:1034
[ 3292505ms] [ERROR] WebSocket connection to 'ws://localhost:5199/' failed: Error in connection establishment: net::ERR_CONNECTION_REFUSED @ http://localhost:5199/@vite/client:1034
[ 3299660ms] [ERROR] WebSocket connection to 'ws://localhost:5199/' failed: Error in connection establishment: net::ERR_CONNECTION_REFUSED @ http://localhost:5199/@vite/client:1034
[ 3307473ms] [ERROR] WebSocket connection to 'ws://localhost:5199/' failed: Error in connection establishment: net::ERR_CONNECTION_REFUSED @ http://localhost:5199/@vite/client:1034
[ 3315092ms] [ERROR] WebSocket connection to 'ws://localhost:5199/' failed: Error in connection establishment: net::ERR_CONNECTION_REFUSED @ http://localhost:5199/@vite/client:1034
[ 3321896ms] [ERROR] WebSocket connection to 'ws://localhost:5199/' failed: Error in connection establishment: net::ERR_CONNECTION_REFUSED @ http://localhost:5199/@vite/client:1034
[ 3329038ms] [ERROR] WebSocket connection to 'ws://localhost:5199/' failed: Error in connection establishment: net::ERR_CONNECTION_REFUSED @ http://localhost:5199/@vite/client:1034
[ 3336316ms] [ERROR] WebSocket connection to 'ws://localhost:5199/' failed: Error in connection establishment: net::ERR_CONNECTION_REFUSED @ http://localhost:5199/@vite/client:1034
[ 3343477ms] [ERROR] WebSocket connection to 'ws://localhost:5199/' failed: Error in connection establishment: net::ERR_CONNECTION_REFUSED @ http://localhost:5199/@vite/client:1034
[ 3349524ms] [ERROR] WebSocket connection to 'ws://localhost:5199/' failed: Error in connection establishment: net::ERR_CONNECTION_REFUSED @ http://localhost:5199/@vite/client:1034
[ 3357090ms] [ERROR] WebSocket connection to 'ws://localhost:5199/' failed: Error in connection establishment: net::ERR_CONNECTION_REFUSED @ http://localhost:5199/@vite/client:1034
[ 3361860ms] [ERROR] WebSocket connection to 'ws://localhost:5199/' failed: Error in connection establishment: net::ERR_CONNECTION_REFUSED @ http://localhost:5199/@vite/client:1034
[ 3368887ms] [ERROR] WebSocket connection to 'ws://localhost:5199/' failed: Error in connection establishment: net::ERR_CONNECTION_REFUSED @ http://localhost:5199/@vite/client:1034
[ 3373514ms] [ERROR] WebSocket connection to 'ws://localhost:5199/' failed: Error in connection establishment: net::ERR_CONNECTION_REFUSED @ http://localhost:5199/@vite/client:1034
[ 3380875ms] [ERROR] WebSocket connection to 'ws://localhost:5199/' failed: Error in connection establishment: net::ERR_CONNECTION_REFUSED @ http://localhost:5199/@vite/client:1034
[ 3389109ms] [ERROR] WebSocket connection to 'ws://localhost:5199/' failed: Error in connection establishment: net::ERR_CONNECTION_REFUSED @ http://localhost:5199/@vite/client:1034
[ 3393594ms] [ERROR] WebSocket connection to 'ws://localhost:5199/' failed: Error in connection establishment: net::ERR_CONNECTION_REFUSED @ http://localhost:5199/@vite/client:1034
[ 3399109ms] [ERROR] WebSocket connection to 'ws://localhost:5199/' failed: Error in connection establishment: net::ERR_CONNECTION_REFUSED @ http://localhost:5199/@vite/client:1034
[ 3406412ms] [ERROR] WebSocket connection to 'ws://localhost:5199/' failed: Error in connection establishment: net::ERR_CONNECTION_REFUSED @ http://localhost:5199/@vite/client:1034
[ 3412583ms] [ERROR] WebSocket connection to 'ws://localhost:5199/' failed: Error in connection establishment: net::ERR_CONNECTION_REFUSED @ http://localhost:5199/@vite/client:1034
[ 3420795ms] [ERROR] WebSocket connection to 'ws://localhost:5199/' failed: Error in connection establishment: net::ERR_CONNECTION_REFUSED @ http://localhost:5199/@vite/client:1034
[ 3426317ms] [ERROR] WebSocket connection to 'ws://localhost:5199/' failed: Error in connection establishment: net::ERR_CONNECTION_REFUSED @ http://localhost:5199/@vite/client:1034
[ 3432060ms] [ERROR] WebSocket connection to 'ws://localhost:5199/' failed: Error in connection establishment: net::ERR_CONNECTION_REFUSED @ http://localhost:5199/@vite/client:1034
[ 3440177ms] [ERROR] WebSocket connection to 'ws://localhost:5199/' failed: Error in connection establishment: net::ERR_CONNECTION_REFUSED @ http://localhost:5199/@vite/client:1034
[ 3446854ms] [ERROR] WebSocket connection to 'ws://localhost:5199/' failed: Error in connection establishment: net::ERR_CONNECTION_REFUSED @ http://localhost:5199/@vite/client:1034
[ 3453806ms] [ERROR] WebSocket connection to 'ws://localhost:5199/' failed: Error in connection establishment: net::ERR_CONNECTION_REFUSED @ http://localhost:5199/@vite/client:1034
[ 3461538ms] [ERROR] WebSocket connection to 'ws://localhost:5199/' failed: Error in connection establishment: net::ERR_CONNECTION_REFUSED @ http://localhost:5199/@vite/client:1034
[ 3468195ms] [ERROR] WebSocket connection to 'ws://localhost:5199/' failed: Error in connection establishment: net::ERR_CONNECTION_REFUSED @ http://localhost:5199/@vite/client:1034
[ 3475669ms] [ERROR] WebSocket connection to 'ws://localhost:5199/' failed: Error in connection establishment: net::ERR_CONNECTION_REFUSED @ http://localhost:5199/@vite/client:1034
[ 3482314ms] [ERROR] WebSocket connection to 'ws://localhost:5199/' failed: Error in connection establishment: net::ERR_CONNECTION_REFUSED @ http://localhost:5199/@vite/client:1034
[ 3488782ms] [ERROR] WebSocket connection to 'ws://localhost:5199/' failed: Error in connection establishment: net::ERR_CONNECTION_REFUSED @ http://localhost:5199/@vite/client:1034
[ 3494588ms] [ERROR] WebSocket connection to 'ws://localhost:5199/' failed: Error in connection establishment: net::ERR_CONNECTION_REFUSED @ http://localhost:5199/@vite/client:1034
[ 3502282ms] [ERROR] WebSocket connection to 'ws://localhost:5199/' failed: Error in connection establishment: net::ERR_CONNECTION_REFUSED @ http://localhost:5199/@vite/client:1034
[ 3510627ms] [ERROR] WebSocket connection to 'ws://localhost:5199/' failed: Error in connection establishment: net::ERR_CONNECTION_REFUSED @ http://localhost:5199/@vite/client:1034
[ 3515907ms] [ERROR] WebSocket connection to 'ws://localhost:5199/' failed: Error in connection establishment: net::ERR_CONNECTION_REFUSED @ http://localhost:5199/@vite/client:1034
[ 3521804ms] [ERROR] WebSocket connection to 'ws://localhost:5199/' failed: Error in connection establishment: net::ERR_CONNECTION_REFUSED @ http://localhost:5199/@vite/client:1034
[ 3529046ms] [ERROR] WebSocket connection to 'ws://localhost:5199/' failed: Error in connection establishment: net::ERR_CONNECTION_REFUSED @ http://localhost:5199/@vite/client:1034
[ 3535322ms] [ERROR] WebSocket connection to 'ws://localhost:5199/' failed: Error in connection establishment: net::ERR_CONNECTION_REFUSED @ http://localhost:5199/@vite/client:1034
[ 3539999ms] [ERROR] WebSocket connection to 'ws://localhost:5199/' failed: Error in connection establishment: net::ERR_CONNECTION_REFUSED @ http://localhost:5199/@vite/client:1034
[ 3547993ms] [ERROR] WebSocket connection to 'ws://localhost:5199/' failed: Error in connection establishment: net::ERR_CONNECTION_REFUSED @ http://localhost:5199/@vite/client:1034
[ 3553820ms] [ERROR] WebSocket connection to 'ws://localhost:5199/' failed: Error in connection establishment: net::ERR_CONNECTION_REFUSED @ http://localhost:5199/@vite/client:1034
[ 3561321ms] [ERROR] WebSocket connection to 'ws://localhost:5199/' failed: Error in connection establishment: net::ERR_CONNECTION_REFUSED @ http://localhost:5199/@vite/client:1034
[ 3569602ms] [ERROR] WebSocket connection to 'ws://localhost:5199/' failed: Error in connection establishment: net::ERR_CONNECTION_REFUSED @ http://localhost:5199/@vite/client:1034
[ 3576145ms] [ERROR] WebSocket connection to 'ws://localhost:5199/' failed: Error in connection establishment: net::ERR_CONNECTION_REFUSED @ http://localhost:5199/@vite/client:1034
[ 3583108ms] [ERROR] WebSocket connection to 'ws://localhost:5199/' failed: Error in connection establishment: net::ERR_CONNECTION_REFUSED @ http://localhost:5199/@vite/client:1034
[ 3589420ms] [ERROR] WebSocket connection to 'ws://localhost:5199/' failed: Error in connection establishment: net::ERR_CONNECTION_REFUSED @ http://localhost:5199/@vite/client:1034
[ 3595939ms] [ERROR] WebSocket connection to 'ws://localhost:5199/' failed: Error in connection establishment: net::ERR_CONNECTION_REFUSED @ http://localhost:5199/@vite/client:1034
[ 3602701ms] [ERROR] WebSocket connection to 'ws://localhost:5199/' failed: Error in connection establishment: net::ERR_CONNECTION_REFUSED @ http://localhost:5199/@vite/client:1034
[ 3609418ms] [ERROR] WebSocket connection to 'ws://localhost:5199/' failed: Error in connection establishment: net::ERR_CONNECTION_REFUSED @ http://localhost:5199/@vite/client:1034
[ 3616375ms] [ERROR] WebSocket connection to 'ws://localhost:5199/' failed: Error in connection establishment: net::ERR_CONNECTION_REFUSED @ http://localhost:5199/@vite/client:1034
[ 3622322ms] [ERROR] WebSocket connection to 'ws://localhost:5199/' failed: Error in connection establishment: net::ERR_CONNECTION_REFUSED @ http://localhost:5199/@vite/client:1034
[ 3628343ms] [ERROR] WebSocket connection to 'ws://localhost:5199/' failed: Error in connection establishment: net::ERR_CONNECTION_REFUSED @ http://localhost:5199/@vite/client:1034
[ 3634030ms] [ERROR] WebSocket connection to 'ws://localhost:5199/' failed: Error in connection establishment: net::ERR_CONNECTION_REFUSED @ http://localhost:5199/@vite/client:1034
[ 3640461ms] [ERROR] WebSocket connection to 'ws://localhost:5199/' failed: Error in connection establishment: net::ERR_CONNECTION_REFUSED @ http://localhost:5199/@vite/client:1034
[ 3645263ms] [ERROR] WebSocket connection to 'ws://localhost:5199/' failed: Error in connection establishment: net::ERR_CONNECTION_REFUSED @ http://localhost:5199/@vite/client:1034
[ 3649989ms] [ERROR] WebSocket connection to 'ws://localhost:5199/' failed: Error in connection establishment: net::ERR_CONNECTION_REFUSED @ http://localhost:5199/@vite/client:1034
[ 3654797ms] [ERROR] WebSocket connection to 'ws://localhost:5199/' failed: Error in connection establishment: net::ERR_CONNECTION_REFUSED @ http://localhost:5199/@vite/client:1034
[ 3662343ms] [ERROR] WebSocket connection to 'ws://localhost:5199/' failed: Error in connection establishment: net::ERR_CONNECTION_REFUSED @ http://localhost:5199/@vite/client:1034
[ 3669869ms] [ERROR] WebSocket connection to 'ws://localhost:5199/' failed: Error in connection establishment: net::ERR_CONNECTION_REFUSED @ http://localhost:5199/@vite/client:1034
[ 3674271ms] [ERROR] WebSocket connection to 'ws://localhost:5199/' failed: Error in connection establishment: net::ERR_CONNECTION_REFUSED @ http://localhost:5199/@vite/client:1034
[ 3679571ms] [ERROR] WebSocket connection to 'ws://localhost:5199/' failed: Error in connection establishment: net::ERR_CONNECTION_REFUSED @ http://localhost:5199/@vite/client:1034
[ 3687059ms] [ERROR] WebSocket connection to 'ws://localhost:5199/' failed: Error in connection establishment: net::ERR_CONNECTION_REFUSED @ http://localhost:5199/@vite/client:1034
[ 3691720ms] [ERROR] WebSocket connection to 'ws://localhost:5199/' failed: Error in connection establishment: net::ERR_CONNECTION_REFUSED @ http://localhost:5199/@vite/client:1034
[ 3698087ms] [ERROR] WebSocket connection to 'ws://localhost:5199/' failed: Error in connection establishment: net::ERR_CONNECTION_REFUSED @ http://localhost:5199/@vite/client:1034
[ 3705660ms] [ERROR] WebSocket connection to 'ws://localhost:5199/' failed: Error in connection establishment: net::ERR_CONNECTION_REFUSED @ http://localhost:5199/@vite/client:1034
[ 3713804ms] [ERROR] WebSocket connection to 'ws://localhost:5199/' failed: Error in connection establishment: net::ERR_CONNECTION_REFUSED @ http://localhost:5199/@vite/client:1034
[ 3721416ms] [ERROR] WebSocket connection to 'ws://localhost:5199/' failed: Error in connection establishment: net::ERR_CONNECTION_REFUSED @ http://localhost:5199/@vite/client:1034
[ 3728010ms] [ERROR] WebSocket connection to 'ws://localhost:5199/' failed: Error in connection establishment: net::ERR_CONNECTION_REFUSED @ http://localhost:5199/@vite/client:1034
[ 3735154ms] [ERROR] WebSocket connection to 'ws://localhost:5199/' failed: Error in connection establishment: net::ERR_CONNECTION_REFUSED @ http://localhost:5199/@vite/client:1034
[ 3742999ms] [ERROR] WebSocket connection to 'ws://localhost:5199/' failed: Error in connection establishment: net::ERR_CONNECTION_REFUSED @ http://localhost:5199/@vite/client:1034
[ 3748932ms] [ERROR] WebSocket connection to 'ws://localhost:5199/' failed: Error in connection establishment: net::ERR_CONNECTION_REFUSED @ http://localhost:5199/@vite/client:1034
[ 3755405ms] [ERROR] WebSocket connection to 'ws://localhost:5199/' failed: Error in connection establishment: net::ERR_CONNECTION_REFUSED @ http://localhost:5199/@vite/client:1034
[ 3761018ms] [ERROR] WebSocket connection to 'ws://localhost:5199/' failed: Error in connection establishment: net::ERR_CONNECTION_REFUSED @ http://localhost:5199/@vite/client:1034
[ 3768403ms] [ERROR] WebSocket connection to 'ws://localhost:5199/' failed: Error in connection establishment: net::ERR_CONNECTION_REFUSED @ http://localhost:5199/@vite/client:1034
[ 3773826ms] [ERROR] WebSocket connection to 'ws://localhost:5199/' failed: Error in connection establishment: net::ERR_CONNECTION_REFUSED @ http://localhost:5199/@vite/client:1034
[ 3781770ms] [ERROR] WebSocket connection to 'ws://localhost:5199/' failed: Error in connection establishment: net::ERR_CONNECTION_REFUSED @ http://localhost:5199/@vite/client:1034
[ 3788204ms] [ERROR] WebSocket connection to 'ws://localhost:5199/' failed: Error in connection establishment: net::ERR_CONNECTION_REFUSED @ http://localhost:5199/@vite/client:1034
[ 3795380ms] [ERROR] WebSocket connection to 'ws://localhost:5199/' failed: Error in connection establishment: net::ERR_CONNECTION_REFUSED @ http://localhost:5199/@vite/client:1034
[ 3803478ms] [ERROR] WebSocket connection to 'ws://localhost:5199/' failed: Error in connection establishment: net::ERR_CONNECTION_REFUSED @ http://localhost:5199/@vite/client:1034
[ 3808137ms] [ERROR] WebSocket connection to 'ws://localhost:5199/' failed: Error in connection establishment: net::ERR_CONNECTION_REFUSED @ http://localhost:5199/@vite/client:1034
[ 3815709ms] [ERROR] WebSocket connection to 'ws://localhost:5199/' failed: Error in connection establishment: net::ERR_CONNECTION_REFUSED @ http://localhost:5199/@vite/client:1034
[ 3823418ms] [ERROR] WebSocket connection to 'ws://localhost:5199/' failed: Error in connection establishment: net::ERR_CONNECTION_REFUSED @ http://localhost:5199/@vite/client:1034
[ 3831489ms] [ERROR] WebSocket connection to 'ws://localhost:5199/' failed: Error in connection establishment: net::ERR_CONNECTION_REFUSED @ http://localhost:5199/@vite/client:1034
[ 3836963ms] [ERROR] WebSocket connection to 'ws://localhost:5199/' failed: Error in connection establishment: net::ERR_CONNECTION_REFUSED @ http://localhost:5199/@vite/client:1034
[ 3845199ms] [ERROR] WebSocket connection to 'ws://localhost:5199/' failed: Error in connection establishment: net::ERR_CONNECTION_REFUSED @ http://localhost:5199/@vite/client:1034
[ 3850082ms] [ERROR] WebSocket connection to 'ws://localhost:5199/' failed: Error in connection establishment: net::ERR_CONNECTION_REFUSED @ http://localhost:5199/@vite/client:1034
[ 3855583ms] [ERROR] WebSocket connection to 'ws://localhost:5199/' failed: Error in connection establishment: net::ERR_CONNECTION_REFUSED @ http://localhost:5199/@vite/client:1034
[ 3863198ms] [ERROR] WebSocket connection to 'ws://localhost:5199/' failed: Error in connection establishment: net::ERR_CONNECTION_REFUSED @ http://localhost:5199/@vite/client:1034
[ 3871531ms] [ERROR] WebSocket connection to 'ws://localhost:5199/' failed: Error in connection establishment: net::ERR_CONNECTION_REFUSED @ http://localhost:5199/@vite/client:1034
[ 3878222ms] [ERROR] WebSocket connection to 'ws://localhost:5199/' failed: Error in connection establishment: net::ERR_CONNECTION_REFUSED @ http://localhost:5199/@vite/client:1034
[ 3884302ms] [ERROR] WebSocket connection to 'ws://localhost:5199/' failed: Error in connection establishment: net::ERR_CONNECTION_REFUSED @ http://localhost:5199/@vite/client:1034
[ 3887667ms] [ERROR] WebSocket connection to 'ws://localhost:5199/' failed: Error in connection establishment: net::ERR_CONNECTION_REFUSED @ http://localhost:5199/@vite/client:1034
[ 3891041ms] [ERROR] WebSocket connection to 'ws://localhost:5199/' failed: Error in connection establishment: net::ERR_CONNECTION_REFUSED @ http://localhost:5199/@vite/client:1034
[ 3894410ms] [ERROR] WebSocket connection to 'ws://localhost:5199/' failed: Error in connection establishment: net::ERR_CONNECTION_REFUSED @ http://localhost:5199/@vite/client:1034
[ 3897783ms] [ERROR] WebSocket connection to 'ws://localhost:5199/' failed: Error in connection establishment: net::ERR_CONNECTION_REFUSED @ http://localhost:5199/@vite/client:1034
[ 3901155ms] [ERROR] WebSocket connection to 'ws://localhost:5199/' failed: Error in connection establishment: net::ERR_CONNECTION_REFUSED @ http://localhost:5199/@vite/client:1034
[ 3904528ms] [ERROR] WebSocket connection to 'ws://localhost:5199/' failed: Error in connection establishment: net::ERR_CONNECTION_REFUSED @ http://localhost:5199/@vite/client:1034
[ 3907905ms] [ERROR] WebSocket connection to 'ws://localhost:5199/' failed: Error in connection establishment: net::ERR_CONNECTION_REFUSED @ http://localhost:5199/@vite/client:1034
[ 3911288ms] [ERROR] WebSocket connection to 'ws://localhost:5199/' failed: Error in connection establishment: net::ERR_CONNECTION_REFUSED @ http://localhost:5199/@vite/client:1034
[ 3914674ms] [ERROR] WebSocket connection to 'ws://localhost:5199/' failed: Error in connection establishment: net::ERR_CONNECTION_REFUSED @ http://localhost:5199/@vite/client:1034
[ 3918063ms] [ERROR] WebSocket connection to 'ws://localhost:5199/' failed: Error in connection establishment: net::ERR_CONNECTION_REFUSED @ http://localhost:5199/@vite/client:1034
[ 3921474ms] [ERROR] WebSocket connection to 'ws://localhost:5199/' failed: Error in connection establishment: net::ERR_CONNECTION_REFUSED @ http://localhost:5199/@vite/client:1034
[ 3924942ms] [ERROR] WebSocket connection to 'ws://localhost:5199/' failed: Error in connection establishment: net::ERR_CONNECTION_REFUSED @ http://localhost:5199/@vite/client:1034
[ 3928625ms] [ERROR] WebSocket connection to 'ws://localhost:5199/' failed: Error in connection establishment: net::ERR_CONNECTION_REFUSED @ http://localhost:5199/@vite/client:1034
[ 3932618ms] [ERROR] WebSocket connection to 'ws://localhost:5199/' failed: Error in connection establishment: net::ERR_CONNECTION_REFUSED @ http://localhost:5199/@vite/client:1034
[ 3936792ms] [ERROR] WebSocket connection to 'ws://localhost:5199/' failed: Error in connection establishment: net::ERR_CONNECTION_REFUSED @ http://localhost:5199/@vite/client:1034
[ 3941373ms] [ERROR] WebSocket connection to 'ws://localhost:5199/' failed: Error in connection establishment: net::ERR_CONNECTION_REFUSED @ http://localhost:5199/@vite/client:1034
[ 3947696ms] [ERROR] WebSocket connection to 'ws://localhost:5199/' failed: Error in connection establishment: net::ERR_CONNECTION_REFUSED @ http://localhost:5199/@vite/client:1034
[ 3955741ms] [ERROR] WebSocket connection to 'ws://localhost:5199/' failed: Error in connection establishment: net::ERR_CONNECTION_REFUSED @ http://localhost:5199/@vite/client:1034
[ 3960520ms] [ERROR] WebSocket connection to 'ws://localhost:5199/' failed: Error in connection establishment: net::ERR_CONNECTION_REFUSED @ http://localhost:5199/@vite/client:1034
[ 3966149ms] [ERROR] WebSocket connection to 'ws://localhost:5199/' failed: Error in connection establishment: net::ERR_CONNECTION_REFUSED @ http://localhost:5199/@vite/client:1034
[ 3973070ms] [ERROR] WebSocket connection to 'ws://localhost:5199/' failed: Error in connection establishment: net::ERR_CONNECTION_REFUSED @ http://localhost:5199/@vite/client:1034
[ 3978384ms] [ERROR] WebSocket connection to 'ws://localhost:5199/' failed: Error in connection establishment: net::ERR_CONNECTION_REFUSED @ http://localhost:5199/@vite/client:1034
[ 3983122ms] [ERROR] WebSocket connection to 'ws://localhost:5199/' failed: Error in connection establishment: net::ERR_CONNECTION_REFUSED @ http://localhost:5199/@vite/client:1034
[ 3989469ms] [ERROR] WebSocket connection to 'ws://localhost:5199/' failed: Error in connection establishment: net::ERR_CONNECTION_REFUSED @ http://localhost:5199/@vite/client:1034
[ 3994779ms] [ERROR] WebSocket connection to 'ws://localhost:5199/' failed: Error in connection establishment: net::ERR_CONNECTION_REFUSED @ http://localhost:5199/@vite/client:1034
[ 4000639ms] [ERROR] WebSocket connection to 'ws://localhost:5199/' failed: Error in connection establishment: net::ERR_CONNECTION_REFUSED @ http://localhost:5199/@vite/client:1034
[ 4005366ms] [ERROR] WebSocket connection to 'ws://localhost:5199/' failed: Error in connection establishment: net::ERR_CONNECTION_REFUSED @ http://localhost:5199/@vite/client:1034
[ 4012297ms] [ERROR] WebSocket connection to 'ws://localhost:5199/' failed: Error in connection establishment: net::ERR_CONNECTION_REFUSED @ http://localhost:5199/@vite/client:1034
[ 4020367ms] [ERROR] WebSocket connection to 'ws://localhost:5199/' failed: Error in connection establishment: net::ERR_CONNECTION_REFUSED @ http://localhost:5199/@vite/client:1034
[ 4025346ms] [ERROR] WebSocket connection to 'ws://localhost:5199/' failed: Error in connection establishment: net::ERR_CONNECTION_REFUSED @ http://localhost:5199/@vite/client:1034
[ 4032661ms] [ERROR] WebSocket connection to 'ws://localhost:5199/' failed: Error in connection establishment: net::ERR_CONNECTION_REFUSED @ http://localhost:5199/@vite/client:1034
[ 4039389ms] [ERROR] WebSocket connection to 'ws://localhost:5199/' failed: Error in connection establishment: net::ERR_CONNECTION_REFUSED @ http://localhost:5199/@vite/client:1034
[ 4047307ms] [ERROR] WebSocket connection to 'ws://localhost:5199/' failed: Error in connection establishment: net::ERR_CONNECTION_REFUSED @ http://localhost:5199/@vite/client:1034
[ 4053863ms] [ERROR] WebSocket connection to 'ws://localhost:5199/' failed: Error in connection establishment: net::ERR_CONNECTION_REFUSED @ http://localhost:5199/@vite/client:1034
[ 4061211ms] [ERROR] WebSocket connection to 'ws://localhost:5199/' failed: Error in connection establishment: net::ERR_CONNECTION_REFUSED @ http://localhost:5199/@vite/client:1034
[ 4066669ms] [ERROR] WebSocket connection to 'ws://localhost:5199/' failed: Error in connection establishment: net::ERR_CONNECTION_REFUSED @ http://localhost:5199/@vite/client:1034
[ 4073929ms] [ERROR] WebSocket connection to 'ws://localhost:5199/' failed: Error in connection establishment: net::ERR_CONNECTION_REFUSED @ http://localhost:5199/@vite/client:1034
[ 4081577ms] [ERROR] WebSocket connection to 'ws://localhost:5199/' failed: Error in connection establishment: net::ERR_CONNECTION_REFUSED @ http://localhost:5199/@vite/client:1034
[ 4088827ms] [ERROR] WebSocket connection to 'ws://localhost:5199/' failed: Error in connection establishment: net::ERR_CONNECTION_REFUSED @ http://localhost:5199/@vite/client:1034
[ 4093493ms] [ERROR] WebSocket connection to 'ws://localhost:5199/' failed: Error in connection establishment: net::ERR_CONNECTION_REFUSED @ http://localhost:5199/@vite/client:1034
[ 4099475ms] [ERROR] WebSocket connection to 'ws://localhost:5199/' failed: Error in connection establishment: net::ERR_CONNECTION_REFUSED @ http://localhost:5199/@vite/client:1034
[ 4105238ms] [ERROR] WebSocket connection to 'ws://localhost:5199/' failed: Error in connection establishment: net::ERR_CONNECTION_REFUSED @ http://localhost:5199/@vite/client:1034
[ 4110440ms] [ERROR] WebSocket connection to 'ws://localhost:5199/' failed: Error in connection establishment: net::ERR_CONNECTION_REFUSED @ http://localhost:5199/@vite/client:1034
[ 4116609ms] [ERROR] WebSocket connection to 'ws://localhost:5199/' failed: Error in connection establishment: net::ERR_CONNECTION_REFUSED @ http://localhost:5199/@vite/client:1034
[ 4122564ms] [ERROR] WebSocket connection to 'ws://localhost:5199/' failed: Error in connection establishment: net::ERR_CONNECTION_REFUSED @ http://localhost:5199/@vite/client:1034
[ 4130057ms] [ERROR] WebSocket connection to 'ws://localhost:5199/' failed: Error in connection establishment: net::ERR_CONNECTION_REFUSED @ http://localhost:5199/@vite/client:1034
[ 4134835ms] [ERROR] WebSocket connection to 'ws://localhost:5199/' failed: Error in connection establishment: net::ERR_CONNECTION_REFUSED @ http://localhost:5199/@vite/client:1034
[ 4140024ms] [ERROR] WebSocket connection to 'ws://localhost:5199/' failed: Error in connection establishment: net::ERR_CONNECTION_REFUSED @ http://localhost:5199/@vite/client:1034
[ 4145868ms] [ERROR] WebSocket connection to 'ws://localhost:5199/' failed: Error in connection establishment: net::ERR_CONNECTION_REFUSED @ http://localhost:5199/@vite/client:1034
[ 4151284ms] [ERROR] WebSocket connection to 'ws://localhost:5199/' failed: Error in connection establishment: net::ERR_CONNECTION_REFUSED @ http://localhost:5199/@vite/client:1034
[ 4159118ms] [ERROR] WebSocket connection to 'ws://localhost:5199/' failed: Error in connection establishment: net::ERR_CONNECTION_REFUSED @ http://localhost:5199/@vite/client:1034
[ 4166296ms] [ERROR] WebSocket connection to 'ws://localhost:5199/' failed: Error in connection establishment: net::ERR_CONNECTION_REFUSED @ http://localhost:5199/@vite/client:1034
[ 4173426ms] [ERROR] WebSocket connection to 'ws://localhost:5199/' failed: Error in connection establishment: net::ERR_CONNECTION_REFUSED @ http://localhost:5199/@vite/client:1034
[ 4180103ms] [ERROR] WebSocket connection to 'ws://localhost:5199/' failed: Error in connection establishment: net::ERR_CONNECTION_REFUSED @ http://localhost:5199/@vite/client:1034
[ 4185740ms] [ERROR] WebSocket connection to 'ws://localhost:5199/' failed: Error in connection establishment: net::ERR_CONNECTION_REFUSED @ http://localhost:5199/@vite/client:1034
[ 4191400ms] [ERROR] WebSocket connection to 'ws://localhost:5199/' failed: Error in connection establishment: net::ERR_CONNECTION_REFUSED @ http://localhost:5199/@vite/client:1034
[ 4196728ms] [ERROR] WebSocket connection to 'ws://localhost:5199/' failed: Error in connection establishment: net::ERR_CONNECTION_REFUSED @ http://localhost:5199/@vite/client:1034
[ 4204784ms] [ERROR] WebSocket connection to 'ws://localhost:5199/' failed: Error in connection establishment: net::ERR_CONNECTION_REFUSED @ http://localhost:5199/@vite/client:1034
[ 4209906ms] [ERROR] WebSocket connection to 'ws://localhost:5199/' failed: Error in connection establishment: net::ERR_CONNECTION_REFUSED @ http://localhost:5199/@vite/client:1034
[ 4215703ms] [ERROR] WebSocket connection to 'ws://localhost:5199/' failed: Error in connection establishment: net::ERR_CONNECTION_REFUSED @ http://localhost:5199/@vite/client:1034
[ 4221334ms] [ERROR] WebSocket connection to 'ws://localhost:5199/' failed: Error in connection establishment: net::ERR_CONNECTION_REFUSED @ http://localhost:5199/@vite/client:1034
[ 4228648ms] [ERROR] WebSocket connection to 'ws://localhost:5199/' failed: Error in connection establishment: net::ERR_CONNECTION_REFUSED @ http://localhost:5199/@vite/client:1034
[ 4233184ms] [ERROR] WebSocket connection to 'ws://localhost:5199/' failed: Error in connection establishment: net::ERR_CONNECTION_REFUSED @ http://localhost:5199/@vite/client:1034
[ 4240305ms] [ERROR] WebSocket connection to 'ws://localhost:5199/' failed: Error in connection establishment: net::ERR_CONNECTION_REFUSED @ http://localhost:5199/@vite/client:1034
[ 4245940ms] [ERROR] WebSocket connection to 'ws://localhost:5199/' failed: Error in connection establishment: net::ERR_CONNECTION_REFUSED @ http://localhost:5199/@vite/client:1034
[ 4251926ms] [ERROR] WebSocket connection to 'ws://localhost:5199/' failed: Error in connection establishment: net::ERR_CONNECTION_REFUSED @ http://localhost:5199/@vite/client:1034
[ 4257856ms] [ERROR] WebSocket connection to 'ws://localhost:5199/' failed: Error in connection establishment: net::ERR_CONNECTION_REFUSED @ http://localhost:5199/@vite/client:1034
[ 4265223ms] [ERROR] WebSocket connection to 'ws://localhost:5199/' failed: Error in connection establishment: net::ERR_CONNECTION_REFUSED @ http://localhost:5199/@vite/client:1034
[ 4270802ms] [ERROR] WebSocket connection to 'ws://localhost:5199/' failed: Error in connection establishment: net::ERR_CONNECTION_REFUSED @ http://localhost:5199/@vite/client:1034
[ 4277909ms] [ERROR] WebSocket connection to 'ws://localhost:5199/' failed: Error in connection establishment: net::ERR_CONNECTION_REFUSED @ http://localhost:5199/@vite/client:1034
[ 4284295ms] [ERROR] WebSocket connection to 'ws://localhost:5199/' failed: Error in connection establishment: net::ERR_CONNECTION_REFUSED @ http://localhost:5199/@vite/client:1034
[ 4290044ms] [ERROR] WebSocket connection to 'ws://localhost:5199/' failed: Error in connection establishment: net::ERR_CONNECTION_REFUSED @ http://localhost:5199/@vite/client:1034
[ 4295248ms] [ERROR] WebSocket connection to 'ws://localhost:5199/' failed: Error in connection establishment: net::ERR_CONNECTION_REFUSED @ http://localhost:5199/@vite/client:1034
[ 4301298ms] [ERROR] WebSocket connection to 'ws://localhost:5199/' failed: Error in connection establishment: net::ERR_CONNECTION_REFUSED @ http://localhost:5199/@vite/client:1034
[ 4307906ms] [ERROR] WebSocket connection to 'ws://localhost:5199/' failed: Error in connection establishment: net::ERR_CONNECTION_REFUSED @ http://localhost:5199/@vite/client:1034
[ 4314696ms] [ERROR] WebSocket connection to 'ws://localhost:5199/' failed: Error in connection establishment: net::ERR_CONNECTION_REFUSED @ http://localhost:5199/@vite/client:1034
[ 4321946ms] [ERROR] WebSocket connection to 'ws://localhost:5199/' failed: Error in connection establishment: net::ERR_CONNECTION_REFUSED @ http://localhost:5199/@vite/client:1034
[ 4329966ms] [ERROR] WebSocket connection to 'ws://localhost:5199/' failed: Error in connection establishment: net::ERR_CONNECTION_REFUSED @ http://localhost:5199/@vite/client:1034
[ 4337481ms] [ERROR] WebSocket connection to 'ws://localhost:5199/' failed: Error in connection establishment: net::ERR_CONNECTION_REFUSED @ http://localhost:5199/@vite/client:1034
[ 4342022ms] [ERROR] WebSocket connection to 'ws://localhost:5199/' failed: Error in connection establishment: net::ERR_CONNECTION_REFUSED @ http://localhost:5199/@vite/client:1034
[ 4347068ms] [ERROR] WebSocket connection to 'ws://localhost:5199/' failed: Error in connection establishment: net::ERR_CONNECTION_REFUSED @ http://localhost:5199/@vite/client:1034
[ 4353579ms] [ERROR] WebSocket connection to 'ws://localhost:5199/' failed: Error in connection establishment: net::ERR_CONNECTION_REFUSED @ http://localhost:5199/@vite/client:1034
[ 4361340ms] [ERROR] WebSocket connection to 'ws://localhost:5199/' failed: Error in connection establishment: net::ERR_CONNECTION_REFUSED @ http://localhost:5199/@vite/client:1034
[ 4366468ms] [ERROR] WebSocket connection to 'ws://localhost:5199/' failed: Error in connection establishment: net::ERR_CONNECTION_REFUSED @ http://localhost:5199/@vite/client:1034
[ 4372818ms] [ERROR] WebSocket connection to 'ws://localhost:5199/' failed: Error in connection establishment: net::ERR_CONNECTION_REFUSED @ http://localhost:5199/@vite/client:1034
[ 4377496ms] [ERROR] WebSocket connection to 'ws://localhost:5199/' failed: Error in connection establishment: net::ERR_CONNECTION_REFUSED @ http://localhost:5199/@vite/client:1034
[ 4382761ms] [ERROR] WebSocket connection to 'ws://localhost:5199/' failed: Error in connection establishment: net::ERR_CONNECTION_REFUSED @ http://localhost:5199/@vite/client:1034
[ 4387746ms] [ERROR] WebSocket connection to 'ws://localhost:5199/' failed: Error in connection establishment: net::ERR_CONNECTION_REFUSED @ http://localhost:5199/@vite/client:1034
[ 4392983ms] [ERROR] WebSocket connection to 'ws://localhost:5199/' failed: Error in connection establishment: net::ERR_CONNECTION_REFUSED @ http://localhost:5199/@vite/client:1034
[ 4399572ms] [ERROR] WebSocket connection to 'ws://localhost:5199/' failed: Error in connection establishment: net::ERR_CONNECTION_REFUSED @ http://localhost:5199/@vite/client:1034
[ 4406609ms] [ERROR] WebSocket connection to 'ws://localhost:5199/' failed: Error in connection establishment: net::ERR_CONNECTION_REFUSED @ http://localhost:5199/@vite/client:1034
[ 4412279ms] [ERROR] WebSocket connection to 'ws://localhost:5199/' failed: Error in connection establishment: net::ERR_CONNECTION_REFUSED @ http://localhost:5199/@vite/client:1034
[ 4418958ms] [ERROR] WebSocket connection to 'ws://localhost:5199/' failed: Error in connection establishment: net::ERR_CONNECTION_REFUSED @ http://localhost:5199/@vite/client:1034
[ 4425401ms] [ERROR] WebSocket connection to 'ws://localhost:5199/' failed: Error in connection establishment: net::ERR_CONNECTION_REFUSED @ http://localhost:5199/@vite/client:1034
[ 4432330ms] [ERROR] WebSocket connection to 'ws://localhost:5199/' failed: Error in connection establishment: net::ERR_CONNECTION_REFUSED @ http://localhost:5199/@vite/client:1034
[ 4440202ms] [ERROR] WebSocket connection to 'ws://localhost:5199/' failed: Error in connection establishment: net::ERR_CONNECTION_REFUSED @ http://localhost:5199/@vite/client:1034
[ 4446200ms] [ERROR] WebSocket connection to 'ws://localhost:5199/' failed: Error in connection establishment: net::ERR_CONNECTION_REFUSED @ http://localhost:5199/@vite/client:1034
[ 4453452ms] [ERROR] WebSocket connection to 'ws://localhost:5199/' failed: Error in connection establishment: net::ERR_CONNECTION_REFUSED @ http://localhost:5199/@vite/client:1034
[ 4458700ms] [ERROR] WebSocket connection to 'ws://localhost:5199/' failed: Error in connection establishment: net::ERR_CONNECTION_REFUSED @ http://localhost:5199/@vite/client:1034
[ 4464196ms] [ERROR] WebSocket connection to 'ws://localhost:5199/' failed: Error in connection establishment: net::ERR_CONNECTION_REFUSED @ http://localhost:5199/@vite/client:1034
[ 4470378ms] [ERROR] WebSocket connection to 'ws://localhost:5199/' failed: Error in connection establishment: net::ERR_CONNECTION_REFUSED @ http://localhost:5199/@vite/client:1034
[ 4476170ms] [ERROR] WebSocket connection to 'ws://localhost:5199/' failed: Error in connection establishment: net::ERR_CONNECTION_REFUSED @ http://localhost:5199/@vite/client:1034
[ 4482451ms] [ERROR] WebSocket connection to 'ws://localhost:5199/' failed: Error in connection establishment: net::ERR_CONNECTION_REFUSED @ http://localhost:5199/@vite/client:1034
[ 4490333ms] [ERROR] WebSocket connection to 'ws://localhost:5199/' failed: Error in connection establishment: net::ERR_CONNECTION_REFUSED @ http://localhost:5199/@vite/client:1034
[ 4496291ms] [ERROR] WebSocket connection to 'ws://localhost:5199/' failed: Error in connection establishment: net::ERR_CONNECTION_REFUSED @ http://localhost:5199/@vite/client:1034
[ 4503642ms] [ERROR] WebSocket connection to 'ws://localhost:5199/' failed: Error in connection establishment: net::ERR_CONNECTION_REFUSED @ http://localhost:5199/@vite/client:1034
[ 4509969ms] [ERROR] WebSocket connection to 'ws://localhost:5199/' failed: Error in connection establishment: net::ERR_CONNECTION_REFUSED @ http://localhost:5199/@vite/client:1034
[ 4517311ms] [ERROR] WebSocket connection to 'ws://localhost:5199/' failed: Error in connection establishment: net::ERR_CONNECTION_REFUSED @ http://localhost:5199/@vite/client:1034
[ 4522064ms] [ERROR] WebSocket connection to 'ws://localhost:5199/' failed: Error in connection establishment: net::ERR_CONNECTION_REFUSED @ http://localhost:5199/@vite/client:1034
[ 4526528ms] [ERROR] WebSocket connection to 'ws://localhost:5199/' failed: Error in connection establishment: net::ERR_CONNECTION_REFUSED @ http://localhost:5199/@vite/client:1034
[ 4531476ms] [ERROR] WebSocket connection to 'ws://localhost:5199/' failed: Error in connection establishment: net::ERR_CONNECTION_REFUSED @ http://localhost:5199/@vite/client:1034
[ 4537938ms] [ERROR] WebSocket connection to 'ws://localhost:5199/' failed: Error in connection establishment: net::ERR_CONNECTION_REFUSED @ http://localhost:5199/@vite/client:1034
[ 4542527ms] [ERROR] WebSocket connection to 'ws://localhost:5199/' failed: Error in connection establishment: net::ERR_CONNECTION_REFUSED @ http://localhost:5199/@vite/client:1034
[ 4547322ms] [ERROR] WebSocket connection to 'ws://localhost:5199/' failed: Error in connection establishment: net::ERR_CONNECTION_REFUSED @ http://localhost:5199/@vite/client:1034
[ 4551735ms] [ERROR] WebSocket connection to 'ws://localhost:5199/' failed: Error in connection establishment: net::ERR_CONNECTION_REFUSED @ http://localhost:5199/@vite/client:1034
[ 4557038ms] [ERROR] WebSocket connection to 'ws://localhost:5199/' failed: Error in connection establishment: net::ERR_CONNECTION_REFUSED @ http://localhost:5199/@vite/client:1034
[ 4564867ms] [ERROR] WebSocket connection to 'ws://localhost:5199/' failed: Error in connection establishment: net::ERR_CONNECTION_REFUSED @ http://localhost:5199/@vite/client:1034
[ 4572145ms] [ERROR] WebSocket connection to 'ws://localhost:5199/' failed: Error in connection establishment: net::ERR_CONNECTION_REFUSED @ http://localhost:5199/@vite/client:1034
[ 4577533ms] [ERROR] WebSocket connection to 'ws://localhost:5199/' failed: Error in connection establishment: net::ERR_CONNECTION_REFUSED @ http://localhost:5199/@vite/client:1034
[ 4583488ms] [ERROR] WebSocket connection to 'ws://localhost:5199/' failed: Error in connection establishment: net::ERR_CONNECTION_REFUSED @ http://localhost:5199/@vite/client:1034
[ 4589288ms] [ERROR] WebSocket connection to 'ws://localhost:5199/' failed: Error in connection establishment: net::ERR_CONNECTION_REFUSED @ http://localhost:5199/@vite/client:1034
[ 4596629ms] [ERROR] WebSocket connection to 'ws://localhost:5199/' failed: Error in connection establishment: net::ERR_CONNECTION_REFUSED @ http://localhost:5199/@vite/client:1034
[ 4601891ms] [ERROR] WebSocket connection to 'ws://localhost:5199/' failed: Error in connection establishment: net::ERR_CONNECTION_REFUSED @ http://localhost:5199/@vite/client:1034
[ 4608154ms] [ERROR] WebSocket connection to 'ws://localhost:5199/' failed: Error in connection establishment: net::ERR_CONNECTION_REFUSED @ http://localhost:5199/@vite/client:1034
[ 4616195ms] [ERROR] WebSocket connection to 'ws://localhost:5199/' failed: Error in connection establishment: net::ERR_CONNECTION_REFUSED @ http://localhost:5199/@vite/client:1034
[ 4624116ms] [ERROR] WebSocket connection to 'ws://localhost:5199/' failed: Error in connection establishment: net::ERR_CONNECTION_REFUSED @ http://localhost:5199/@vite/client:1034
[ 4630095ms] [ERROR] WebSocket connection to 'ws://localhost:5199/' failed: Error in connection establishment: net::ERR_CONNECTION_REFUSED @ http://localhost:5199/@vite/client:1034
[ 4635182ms] [ERROR] WebSocket connection to 'ws://localhost:5199/' failed: Error in connection establishment: net::ERR_CONNECTION_REFUSED @ http://localhost:5199/@vite/client:1034
[ 4642739ms] [ERROR] WebSocket connection to 'ws://localhost:5199/' failed: Error in connection establishment: net::ERR_CONNECTION_REFUSED @ http://localhost:5199/@vite/client:1034
[ 4650859ms] [ERROR] WebSocket connection to 'ws://localhost:5199/' failed: Error in connection establishment: net::ERR_CONNECTION_REFUSED @ http://localhost:5199/@vite/client:1034
[ 4658888ms] [ERROR] WebSocket connection to 'ws://localhost:5199/' failed: Error in connection establishment: net::ERR_CONNECTION_REFUSED @ http://localhost:5199/@vite/client:1034
[ 4663576ms] [ERROR] WebSocket connection to 'ws://localhost:5199/' failed: Error in connection establishment: net::ERR_CONNECTION_REFUSED @ http://localhost:5199/@vite/client:1034
[ 4671537ms] [ERROR] WebSocket connection to 'ws://localhost:5199/' failed: Error in connection establishment: net::ERR_CONNECTION_REFUSED @ http://localhost:5199/@vite/client:1034
[ 4677519ms] [ERROR] WebSocket connection to 'ws://localhost:5199/' failed: Error in connection establishment: net::ERR_CONNECTION_REFUSED @ http://localhost:5199/@vite/client:1034
[ 4685654ms] [ERROR] WebSocket connection to 'ws://localhost:5199/' failed: Error in connection establishment: net::ERR_CONNECTION_REFUSED @ http://localhost:5199/@vite/client:1034
[ 4693123ms] [ERROR] WebSocket connection to 'ws://localhost:5199/' failed: Error in connection establishment: net::ERR_CONNECTION_REFUSED @ http://localhost:5199/@vite/client:1034
[ 4700263ms] [ERROR] WebSocket connection to 'ws://localhost:5199/' failed: Error in connection establishment: net::ERR_CONNECTION_REFUSED @ http://localhost:5199/@vite/client:1034
[ 4705270ms] [ERROR] WebSocket connection to 'ws://localhost:5199/' failed: Error in connection establishment: net::ERR_CONNECTION_REFUSED @ http://localhost:5199/@vite/client:1034
[ 4711331ms] [ERROR] WebSocket connection to 'ws://localhost:5199/' failed: Error in connection establishment: net::ERR_CONNECTION_REFUSED @ http://localhost:5199/@vite/client:1034
[ 4719069ms] [ERROR] WebSocket connection to 'ws://localhost:5199/' failed: Error in connection establishment: net::ERR_CONNECTION_REFUSED @ http://localhost:5199/@vite/client:1034
[ 4726844ms] [ERROR] WebSocket connection to 'ws://localhost:5199/' failed: Error in connection establishment: net::ERR_CONNECTION_REFUSED @ http://localhost:5199/@vite/client:1034
[ 4731946ms] [ERROR] WebSocket connection to 'ws://localhost:5199/' failed: Error in connection establishment: net::ERR_CONNECTION_REFUSED @ http://localhost:5199/@vite/client:1034
[ 4740008ms] [ERROR] WebSocket connection to 'ws://localhost:5199/' failed: Error in connection establishment: net::ERR_CONNECTION_REFUSED @ http://localhost:5199/@vite/client:1034
[ 4747702ms] [ERROR] WebSocket connection to 'ws://localhost:5199/' failed: Error in connection establishment: net::ERR_CONNECTION_REFUSED @ http://localhost:5199/@vite/client:1034
[ 4754757ms] [ERROR] WebSocket connection to 'ws://localhost:5199/' failed: Error in connection establishment: net::ERR_CONNECTION_REFUSED @ http://localhost:5199/@vite/client:1034
[ 4761795ms] [ERROR] WebSocket connection to 'ws://localhost:5199/' failed: Error in connection establishment: net::ERR_CONNECTION_REFUSED @ http://localhost:5199/@vite/client:1034
[ 4766320ms] [ERROR] WebSocket connection to 'ws://localhost:5199/' failed: Error in connection establishment: net::ERR_CONNECTION_REFUSED @ http://localhost:5199/@vite/client:1034
[ 4772511ms] [ERROR] WebSocket connection to 'ws://localhost:5199/' failed: Error in connection establishment: net::ERR_CONNECTION_REFUSED @ http://localhost:5199/@vite/client:1034
[ 4777025ms] [ERROR] WebSocket connection to 'ws://localhost:5199/' failed: Error in connection establishment: net::ERR_CONNECTION_REFUSED @ http://localhost:5199/@vite/client:1034
[ 4785258ms] [ERROR] WebSocket connection to 'ws://localhost:5199/' failed: Error in connection establishment: net::ERR_CONNECTION_REFUSED @ http://localhost:5199/@vite/client:1034
[ 4792028ms] [ERROR] WebSocket connection to 'ws://localhost:5199/' failed: Error in connection establishment: net::ERR_CONNECTION_REFUSED @ http://localhost:5199/@vite/client:1034
[ 4797377ms] [ERROR] WebSocket connection to 'ws://localhost:5199/' failed: Error in connection establishment: net::ERR_CONNECTION_REFUSED @ http://localhost:5199/@vite/client:1034
[ 4803105ms] [ERROR] WebSocket connection to 'ws://localhost:5199/' failed: Error in connection establishment: net::ERR_CONNECTION_REFUSED @ http://localhost:5199/@vite/client:1034
[ 4808038ms] [ERROR] WebSocket connection to 'ws://localhost:5199/' failed: Error in connection establishment: net::ERR_CONNECTION_REFUSED @ http://localhost:5199/@vite/client:1034
[ 4813682ms] [ERROR] WebSocket connection to 'ws://localhost:5199/' failed: Error in connection establishment: net::ERR_CONNECTION_REFUSED @ http://localhost:5199/@vite/client:1034
[ 4821942ms] [ERROR] WebSocket connection to 'ws://localhost:5199/' failed: Error in connection establishment: net::ERR_CONNECTION_REFUSED @ http://localhost:5199/@vite/client:1034
[ 4830257ms] [ERROR] WebSocket connection to 'ws://localhost:5199/' failed: Error in connection establishment: net::ERR_CONNECTION_REFUSED @ http://localhost:5199/@vite/client:1034
[ 4834876ms] [ERROR] WebSocket connection to 'ws://localhost:5199/' failed: Error in connection establishment: net::ERR_CONNECTION_REFUSED @ http://localhost:5199/@vite/client:1034
[ 4839711ms] [ERROR] WebSocket connection to 'ws://localhost:5199/' failed: Error in connection establishment: net::ERR_CONNECTION_REFUSED @ http://localhost:5199/@vite/client:1034
[ 4844982ms] [ERROR] WebSocket connection to 'ws://localhost:5199/' failed: Error in connection establishment: net::ERR_CONNECTION_REFUSED @ http://localhost:5199/@vite/client:1034
[ 4848340ms] [ERROR] WebSocket connection to 'ws://localhost:5199/' failed: Error in connection establishment: net::ERR_CONNECTION_REFUSED @ http://localhost:5199/@vite/client:1034
[ 4851715ms] [ERROR] WebSocket connection to 'ws://localhost:5199/' failed: Error in connection establishment: net::ERR_CONNECTION_REFUSED @ http://localhost:5199/@vite/client:1034
[ 4855088ms] [ERROR] WebSocket connection to 'ws://localhost:5199/' failed: Error in connection establishment: net::ERR_CONNECTION_REFUSED @ http://localhost:5199/@vite/client:1034
[ 4858462ms] [ERROR] WebSocket connection to 'ws://localhost:5199/' failed: Error in connection establishment: net::ERR_CONNECTION_REFUSED @ http://localhost:5199/@vite/client:1034
[ 4861811ms] [ERROR] WebSocket connection to 'ws://localhost:5199/' failed: Error in connection establishment: net::ERR_CONNECTION_REFUSED @ http://localhost:5199/@vite/client:1034
[ 4865204ms] [ERROR] WebSocket connection to 'ws://localhost:5199/' failed: Error in connection establishment: net::ERR_CONNECTION_REFUSED @ http://localhost:5199/@vite/client:1034
[ 4868592ms] [ERROR] WebSocket connection to 'ws://localhost:5199/' failed: Error in connection establishment: net::ERR_CONNECTION_REFUSED @ http://localhost:5199/@vite/client:1034
