[     570ms] [WARNING] cdn.tailwindcss.com should not be used in production. To use Tailwind CSS in production, install it as a PostCSS plugin or use the Tailwind CLI: https://tailwindcss.com/docs/installation @ https://cdn.tailwindcss.com/:63
[     727ms] [WARNING] An import map rule for specifier 'react-dom/' was removed, as it conflicted with an existing rule. @ http://localhost:3000/:0
[     727ms] [WARNING] An import map rule for specifier 'react' was removed, as it conflicted with an existing rule. @ http://localhost:3000/:0
[     727ms] [WARNING] An import map rule for specifier 'react/' was removed, as it conflicted with an existing rule. @ http://localhost:3000/:0
[     931ms] [INFO] %cDownload the React DevTools for a better development experience: https://react.dev/link/react-devtools font-weight:bold @ http://localhost:3000/node_modules/.vite/deps/react-dom_client.js?v=f5df26e2:20102
[     982ms] [ERROR] Failed to load resource: the server responded with a status of 404 (Not Found) @ http://localhost:3000/favicon.ico:0
[    1052ms] [VERBOSE] [DOM] Password field is not contained in a form: (More info: https://goo.gl/9p2vKq) %o @ http://localhost:3000/:0
[   32986ms] [LOG] [vite] server connection lost. Polling for restart... @ http://localhost:3000/@vite/client:963
[   35344ms] [ERROR] WebSocket connection to 'ws://localhost:3000/' failed: Error in connection establishment: net::ERR_CONNECTION_REFUSED @ http://localhost:3000/@vite/client:1034
[   38702ms] [ERROR] WebSocket connection to 'ws://localhost:3000/' failed: Error in connection establishment: net::ERR_CONNECTION_REFUSED @ http://localhost:3000/@vite/client:1034
[   42053ms] [ERROR] WebSocket connection to 'ws://localhost:3000/' failed: Error in connection establishment: net::ERR_CONNECTION_REFUSED @ http://localhost:3000/@vite/client:1034
[   45423ms] [ERROR] WebSocket connection to 'ws://localhost:3000/' failed: Error in connection establishment: net::ERR_CONNECTION_REFUSED @ http://localhost:3000/@vite/client:1034
[   48796ms] [ERROR] WebSocket connection to 'ws://localhost:3000/' failed: Error in connection establishment: net::ERR_CONNECTION_REFUSED @ http://localhost:3000/@vite/client:1034
[   52169ms] [ERROR] WebSocket connection to 'ws://localhost:3000/' failed: Error in connection establishment: net::ERR_CONNECTION_REFUSED @ http://localhost:3000/@vite/client:1034
[   55558ms] [ERROR] WebSocket connection to 'ws://localhost:3000/' failed: Error in connection establishment: net::ERR_CONNECTION_REFUSED @ http://localhost:3000/@vite/client:1034
[   58914ms] [ERROR] WebSocket connection to 'ws://localhost:3000/' failed: Error in connection establishment: net::ERR_CONNECTION_REFUSED @ http://localhost:3000/@vite/client:1034
[   62267ms] [ERROR] WebSocket connection to 'ws://localhost:3000/' failed: Error in connection establishment: net::ERR_CONNECTION_REFUSED @ http://localhost:3000/@vite/client:1034
[   65635ms] [ERROR] WebSocket connection to 'ws://localhost:3000/' failed: Error in connection establishment: net::ERR_CONNECTION_REFUSED @ http://localhost:3000/@vite/client:1034
[   69017ms] [ERROR] WebSocket connection to 'ws://localhost:3000/' failed: Error in connection establishment: net::ERR_CONNECTION_REFUSED @ http://localhost:3000/@vite/client:1034
[   72379ms] [ERROR] WebSocket connection to 'ws://localhost:3000/' failed: Error in connection establishment: net::ERR_CONNECTION_REFUSED @ http://localhost:3000/@vite/client:1034
[   75750ms] [ERROR] WebSocket connection to 'ws://localhost:3000/' failed: Error in connection establishment: net::ERR_CONNECTION_REFUSED @ http://localhost:3000/@vite/client:1034
[   79111ms] [ERROR] WebSocket connection to 'ws://localhost:3000/' failed: Error in connection establishment: net::ERR_CONNECTION_REFUSED @ http://localhost:3000/@vite/client:1034
[   82469ms] [ERROR] WebSocket connection to 'ws://localhost:3000/' failed: Error in connection establishment: net::ERR_CONNECTION_REFUSED @ http://localhost:3000/@vite/client:1034
[   85849ms] [ERROR] WebSocket connection to 'ws://localhost:3000/' failed: Error in connection establishment: net::ERR_CONNECTION_REFUSED @ http://localhost:3000/@vite/client:1034
[   89237ms] [ERROR] WebSocket connection to 'ws://localhost:3000/' failed: Error in connection establishment: net::ERR_CONNECTION_REFUSED @ http://localhost:3000/@vite/client:1034
[   92634ms] [ERROR] WebSocket connection to 'ws://localhost:3000/' failed: Error in connection establishment: net::ERR_CONNECTION_REFUSED @ http://localhost:3000/@vite/client:1034
[   96038ms] [ERROR] WebSocket connection to 'ws://localhost:3000/' failed: Error in connection establishment: net::ERR_CONNECTION_REFUSED @ http://localhost:3000/@vite/client:1034
[   99436ms] [ERROR] WebSocket connection to 'ws://localhost:3000/' failed: Error in connection establishment: net::ERR_CONNECTION_REFUSED @ http://localhost:3000/@vite/client:1034
[  102847ms] [ERROR] WebSocket connection to 'ws://localhost:3000/' failed: Error in connection establishment: net::ERR_CONNECTION_REFUSED @ http://localhost:3000/@vite/client:1034
[  106297ms] [ERROR] WebSocket connection to 'ws://localhost:3000/' failed: Error in connection establishment: net::ERR_CONNECTION_REFUSED @ http://localhost:3000/@vite/client:1034
[  109799ms] [ERROR] WebSocket connection to 'ws://localhost:3000/' failed: Error in connection establishment: net::ERR_CONNECTION_REFUSED @ http://localhost:3000/@vite/client:1034
[  113295ms] [ERROR] WebSocket connection to 'ws://localhost:3000/' failed: Error in connection establishment: net::ERR_CONNECTION_REFUSED @ http://localhost:3000/@vite/client:1034
[  116858ms] [ERROR] WebSocket connection to 'ws://localhost:3000/' failed: Error in connection establishment: net::ERR_CONNECTION_REFUSED @ http://localhost:3000/@vite/client:1034
[  120299ms] [ERROR] WebSocket connection to 'ws://localhost:3000/' failed: Error in connection establishment: net::ERR_CONNECTION_REFUSED @ http://localhost:3000/@vite/client:1034
[  124062ms] [ERROR] WebSocket connection to 'ws://localhost:3000/' failed: Error in connection establishment: net::ERR_CONNECTION_REFUSED @ http://localhost:3000/@vite/client:1034
[  128022ms] [ERROR] WebSocket connection to 'ws://localhost:3000/' failed: Error in connection establishment: net::ERR_CONNECTION_REFUSED @ http://localhost:3000/@vite/client:1034
[  132336ms] [ERROR] WebSocket connection to 'ws://localhost:3000/' failed: Error in connection establishment: net::ERR_CONNECTION_REFUSED @ http://localhost:3000/@vite/client:1034
[  136647ms] [ERROR] WebSocket connection to 'ws://localhost:3000/' failed: Error in connection establishment: net::ERR_CONNECTION_REFUSED @ http://localhost:3000/@vite/client:1034
[  140825ms] [ERROR] WebSocket connection to 'ws://localhost:3000/' failed: Error in connection establishment: net::ERR_CONNECTION_REFUSED @ http://localhost:3000/@vite/client:1034
[  145597ms] [ERROR] WebSocket connection to 'ws://localhost:3000/' failed: Error in connection establishment: net::ERR_CONNECTION_REFUSED @ http://localhost:3000/@vite/client:1034
[  152146ms] [ERROR] WebSocket connection to 'ws://localhost:3000/' failed: Error in connection establishment: net::ERR_CONNECTION_REFUSED @ http://localhost:3000/@vite/client:1034
[  159842ms] [ERROR] WebSocket connection to 'ws://localhost:3000/' failed: Error in connection establishment: net::ERR_CONNECTION_REFUSED @ http://localhost:3000/@vite/client:1034
[  166358ms] [ERROR] WebSocket connection to 'ws://localhost:3000/' failed: Error in connection establishment: net::ERR_CONNECTION_REFUSED @ http://localhost:3000/@vite/client:1034
[  173897ms] [ERROR] WebSocket connection to 'ws://localhost:3000/' failed: Error in connection establishment: net::ERR_CONNECTION_REFUSED @ http://localhost:3000/@vite/client:1034
[  179425ms] [ERROR] WebSocket connection to 'ws://localhost:3000/' failed: Error in connection establishment: net::ERR_CONNECTION_REFUSED @ http://localhost:3000/@vite/client:1034
[  186833ms] [ERROR] WebSocket connection to 'ws://localhost:3000/' failed: Error in connection establishment: net::ERR_CONNECTION_REFUSED @ http://localhost:3000/@vite/client:1034
[  193365ms] [ERROR] WebSocket connection to 'ws://localhost:3000/' failed: Error in connection establishment: net::ERR_CONNECTION_REFUSED @ http://localhost:3000/@vite/client:1034
[  200832ms] [ERROR] WebSocket connection to 'ws://localhost:3000/' failed: Error in connection establishment: net::ERR_CONNECTION_REFUSED @ http://localhost:3000/@vite/client:1034
[  205413ms] [ERROR] WebSocket connection to 'ws://localhost:3000/' failed: Error in connection establishment: net::ERR_CONNECTION_REFUSED @ http://localhost:3000/@vite/client:1034
[  212399ms] [ERROR] WebSocket connection to 'ws://localhost:3000/' failed: Error in connection establishment: net::ERR_CONNECTION_REFUSED @ http://localhost:3000/@vite/client:1034
[  219298ms] [ERROR] WebSocket connection to 'ws://localhost:3000/' failed: Error in connection establishment: net::ERR_CONNECTION_REFUSED @ http://localhost:3000/@vite/client:1034
[  227375ms] [ERROR] WebSocket connection to 'ws://localhost:3000/' failed: Error in connection establishment: net::ERR_CONNECTION_REFUSED @ http://localhost:3000/@vite/client:1034
[  233159ms] [ERROR] WebSocket connection to 'ws://localhost:3000/' failed: Error in connection establishment: net::ERR_CONNECTION_REFUSED @ http://localhost:3000/@vite/client:1034
[  240318ms] [ERROR] WebSocket connection to 'ws://localhost:3000/' failed: Error in connection establishment: net::ERR_CONNECTION_REFUSED @ http://localhost:3000/@vite/client:1034
[  243709ms] [ERROR] WebSocket connection to 'ws://localhost:3000/' failed: Error in connection establishment: net::ERR_CONNECTION_REFUSED @ http://localhost:3000/@vite/client:1034
[  247080ms] [ERROR] WebSocket connection to 'ws://localhost:3000/' failed: Error in connection establishment: net::ERR_CONNECTION_REFUSED @ http://localhost:3000/@vite/client:1034
[  250428ms] [ERROR] WebSocket connection to 'ws://localhost:3000/' failed: Error in connection establishment: net::ERR_CONNECTION_REFUSED @ http://localhost:3000/@vite/client:1034
[  253803ms] [ERROR] WebSocket connection to 'ws://localhost:3000/' failed: Error in connection establishment: net::ERR_CONNECTION_REFUSED @ http://localhost:3000/@vite/client:1034
[  257163ms] [ERROR] WebSocket connection to 'ws://localhost:3000/' failed: Error in connection establishment: net::ERR_CONNECTION_REFUSED @ http://localhost:3000/@vite/client:1034
[  260523ms] [ERROR] WebSocket connection to 'ws://localhost:3000/' failed: Error in connection establishment: net::ERR_CONNECTION_REFUSED @ http://localhost:3000/@vite/client:1034
[  263882ms] [ERROR] WebSocket connection to 'ws://localhost:3000/' failed: Error in connection establishment: net::ERR_CONNECTION_REFUSED @ http://localhost:3000/@vite/client:1034
[  267258ms] [ERROR] WebSocket connection to 'ws://localhost:3000/' failed: Error in connection establishment: net::ERR_CONNECTION_REFUSED @ http://localhost:3000/@vite/client:1034
[  270613ms] [ERROR] WebSocket connection to 'ws://localhost:3000/' failed: Error in connection establishment: net::ERR_CONNECTION_REFUSED @ http://localhost:3000/@vite/client:1034
[  273984ms] [ERROR] WebSocket connection to 'ws://localhost:3000/' failed: Error in connection establishment: net::ERR_CONNECTION_REFUSED @ http://localhost:3000/@vite/client:1034
[  277378ms] [ERROR] WebSocket connection to 'ws://localhost:3000/' failed: Error in connection establishment: net::ERR_CONNECTION_REFUSED @ http://localhost:3000/@vite/client:1034
[  280802ms] [ERROR] WebSocket connection to 'ws://localhost:3000/' failed: Error in connection establishment: net::ERR_CONNECTION_REFUSED @ http://localhost:3000/@vite/client:1034
[  284275ms] [ERROR] WebSocket connection to 'ws://localhost:3000/' failed: Error in connection establishment: net::ERR_CONNECTION_REFUSED @ http://localhost:3000/@vite/client:1034
[  287953ms] [ERROR] WebSocket connection to 'ws://localhost:3000/' failed: Error in connection establishment: net::ERR_CONNECTION_REFUSED @ http://localhost:3000/@vite/client:1034
[  291876ms] [ERROR] WebSocket connection to 'ws://localhost:3000/' failed: Error in connection establishment: net::ERR_CONNECTION_REFUSED @ http://localhost:3000/@vite/client:1034
[  297157ms] [ERROR] WebSocket connection to 'ws://localhost:3000/' failed: Error in connection establishment: net::ERR_CONNECTION_REFUSED @ http://localhost:3000/@vite/client:1034
[  303511ms] [ERROR] WebSocket connection to 'ws://localhost:3000/' failed: Error in connection establishment: net::ERR_CONNECTION_REFUSED @ http://localhost:3000/@vite/client:1034
[  308232ms] [ERROR] WebSocket connection to 'ws://localhost:3000/' failed: Error in connection establishment: net::ERR_CONNECTION_REFUSED @ http://localhost:3000/@vite/client:1034
[  315677ms] [ERROR] WebSocket connection to 'ws://localhost:3000/' failed: Error in connection establishment: net::ERR_CONNECTION_REFUSED @ http://localhost:3000/@vite/client:1034
[  320981ms] [ERROR] WebSocket connection to 'ws://localhost:3000/' failed: Error in connection establishment: net::ERR_CONNECTION_REFUSED @ http://localhost:3000/@vite/client:1034
[  327113ms] [ERROR] WebSocket connection to 'ws://localhost:3000/' failed: Error in connection establishment: net::ERR_CONNECTION_REFUSED @ http://localhost:3000/@vite/client:1034
[  335249ms] [ERROR] WebSocket connection to 'ws://localhost:3000/' failed: Error in connection establishment: net::ERR_CONNECTION_REFUSED @ http://localhost:3000/@vite/client:1034
[  343338ms] [ERROR] WebSocket connection to 'ws://localhost:3000/' failed: Error in connection establishment: net::ERR_CONNECTION_REFUSED @ http://localhost:3000/@vite/client:1034
[  348836ms] [ERROR] WebSocket connection to 'ws://localhost:3000/' failed: Error in connection establishment: net::ERR_CONNECTION_REFUSED @ http://localhost:3000/@vite/client:1034
[  355572ms] [ERROR] WebSocket connection to 'ws://localhost:3000/' failed: Error in connection establishment: net::ERR_CONNECTION_REFUSED @ http://localhost:3000/@vite/client:1034
[  362980ms] [ERROR] WebSocket connection to 'ws://localhost:3000/' failed: Error in connection establishment: net::ERR_CONNECTION_REFUSED @ http://localhost:3000/@vite/client:1034
[  369315ms] [ERROR] WebSocket connection to 'ws://localhost:3000/' failed: Error in connection establishment: net::ERR_CONNECTION_REFUSED @ http://localhost:3000/@vite/client:1034
[  375989ms] [ERROR] WebSocket connection to 'ws://localhost:3000/' failed: Error in connection establishment: net::ERR_CONNECTION_REFUSED @ http://localhost:3000/@vite/client:1034
[  384119ms] [ERROR] WebSocket connection to 'ws://localhost:3000/' failed: Error in connection establishment: net::ERR_CONNECTION_REFUSED @ http://localhost:3000/@vite/client:1034
[  390212ms] [ERROR] WebSocket connection to 'ws://localhost:3000/' failed: Error in connection establishment: net::ERR_CONNECTION_REFUSED @ http://localhost:3000/@vite/client:1034
[  397470ms] [ERROR] WebSocket connection to 'ws://localhost:3000/' failed: Error in connection establishment: net::ERR_CONNECTION_REFUSED @ http://localhost:3000/@vite/client:1034
[  402689ms] [ERROR] WebSocket connection to 'ws://localhost:3000/' failed: Error in connection establishment: net::ERR_CONNECTION_REFUSED @ http://localhost:3000/@vite/client:1034
[  409866ms] [ERROR] WebSocket connection to 'ws://localhost:3000/' failed: Error in connection establishment: net::ERR_CONNECTION_REFUSED @ http://localhost:3000/@vite/client:1034
[  415040ms] [ERROR] WebSocket connection to 'ws://localhost:3000/' failed: Error in connection establishment: net::ERR_CONNECTION_REFUSED @ http://localhost:3000/@vite/client:1034
[  420569ms] [ERROR] WebSocket connection to 'ws://localhost:3000/' failed: Error in connection establishment: net::ERR_CONNECTION_REFUSED @ http://localhost:3000/@vite/client:1034
[  428754ms] [ERROR] WebSocket connection to 'ws://localhost:3000/' failed: Error in connection establishment: net::ERR_CONNECTION_REFUSED @ http://localhost:3000/@vite/client:1034
[  434567ms] [ERROR] WebSocket connection to 'ws://localhost:3000/' failed: Error in connection establishment: net::ERR_CONNECTION_REFUSED @ http://localhost:3000/@vite/client:1034
[  441365ms] [ERROR] WebSocket connection to 'ws://localhost:3000/' failed: Error in connection establishment: net::ERR_CONNECTION_REFUSED @ http://localhost:3000/@vite/client:1034
[  448193ms] [ERROR] WebSocket connection to 'ws://localhost:3000/' failed: Error in connection establishment: net::ERR_CONNECTION_REFUSED @ http://localhost:3000/@vite/client:1034
[  456098ms] [ERROR] WebSocket connection to 'ws://localhost:3000/' failed: Error in connection establishment: net::ERR_CONNECTION_REFUSED @ http://localhost:3000/@vite/client:1034
[  462814ms] [ERROR] WebSocket connection to 'ws://localhost:3000/' failed: Error in connection establishment: net::ERR_CONNECTION_REFUSED @ http://localhost:3000/@vite/client:1034
[  468286ms] [ERROR] WebSocket connection to 'ws://localhost:3000/' failed: Error in connection establishment: net::ERR_CONNECTION_REFUSED @ http://localhost:3000/@vite/client:1034
[  474357ms] [ERROR] WebSocket connection to 'ws://localhost:3000/' failed: Error in connection establishment: net::ERR_CONNECTION_REFUSED @ http://localhost:3000/@vite/client:1034
[  482240ms] [ERROR] WebSocket connection to 'ws://localhost:3000/' failed: Error in connection establishment: net::ERR_CONNECTION_REFUSED @ http://localhost:3000/@vite/client:1034
[  487057ms] [ERROR] WebSocket connection to 'ws://localhost:3000/' failed: Error in connection establishment: net::ERR_CONNECTION_REFUSED @ http://localhost:3000/@vite/client:1034
[  493149ms] [ERROR] WebSocket connection to 'ws://localhost:3000/' failed: Error in connection establishment: net::ERR_CONNECTION_REFUSED @ http://localhost:3000/@vite/client:1034
[  498632ms] [ERROR] WebSocket connection to 'ws://localhost:3000/' failed: Error in connection establishment: net::ERR_CONNECTION_REFUSED @ http://localhost:3000/@vite/client:1034
[  504815ms] [ERROR] WebSocket connection to 'ws://localhost:3000/' failed: Error in connection establishment: net::ERR_CONNECTION_REFUSED @ http://localhost:3000/@vite/client:1034
[  510690ms] [ERROR] WebSocket connection to 'ws://localhost:3000/' failed: Error in connection establishment: net::ERR_CONNECTION_REFUSED @ http://localhost:3000/@vite/client:1034
[  516352ms] [ERROR] WebSocket connection to 'ws://localhost:3000/' failed: Error in connection establishment: net::ERR_CONNECTION_REFUSED @ http://localhost:3000/@vite/client:1034
[  521983ms] [ERROR] WebSocket connection to 'ws://localhost:3000/' failed: Error in connection establishment: net::ERR_CONNECTION_REFUSED @ http://localhost:3000/@vite/client:1034
[  528863ms] [ERROR] WebSocket connection to 'ws://localhost:3000/' failed: Error in connection establishment: net::ERR_CONNECTION_REFUSED @ http://localhost:3000/@vite/client:1034
[  533989ms] [ERROR] WebSocket connection to 'ws://localhost:3000/' failed: Error in connection establishment: net::ERR_CONNECTION_REFUSED @ http://localhost:3000/@vite/client:1034
[  540192ms] [ERROR] WebSocket connection to 'ws://localhost:3000/' failed: Error in connection establishment: net::ERR_CONNECTION_REFUSED @ http://localhost:3000/@vite/client:1034
[  545218ms] [ERROR] WebSocket connection to 'ws://localhost:3000/' failed: Error in connection establishment: net::ERR_CONNECTION_REFUSED @ http://localhost:3000/@vite/client:1034
[  550415ms] [ERROR] WebSocket connection to 'ws://localhost:3000/' failed: Error in connection establishment: net::ERR_CONNECTION_REFUSED @ http://localhost:3000/@vite/client:1034
[  555329ms] [ERROR] WebSocket connection to 'ws://localhost:3000/' failed: Error in connection establishment: net::ERR_CONNECTION_REFUSED @ http://localhost:3000/@vite/client:1034
[  561429ms] [ERROR] WebSocket connection to 'ws://localhost:3000/' failed: Error in connection establishment: net::ERR_CONNECTION_REFUSED @ http://localhost:3000/@vite/client:1034
[  566931ms] [ERROR] WebSocket connection to 'ws://localhost:3000/' failed: Error in connection establishment: net::ERR_CONNECTION_REFUSED @ http://localhost:3000/@vite/client:1034
[  572365ms] [ERROR] WebSocket connection to 'ws://localhost:3000/' failed: Error in connection establishment: net::ERR_CONNECTION_REFUSED @ http://localhost:3000/@vite/client:1034
[  578367ms] [ERROR] WebSocket connection to 'ws://localhost:3000/' failed: Error in connection establishment: net::ERR_CONNECTION_REFUSED @ http://localhost:3000/@vite/client:1034
[  584309ms] [ERROR] WebSocket connection to 'ws://localhost:3000/' failed: Error in connection establishment: net::ERR_CONNECTION_REFUSED @ http://localhost:3000/@vite/client:1034
[  589475ms] [ERROR] WebSocket connection to 'ws://localhost:3000/' failed: Error in connection establishment: net::ERR_CONNECTION_REFUSED @ http://localhost:3000/@vite/client:1034
[  595444ms] [ERROR] WebSocket connection to 'ws://localhost:3000/' failed: Error in connection establishment: net::ERR_CONNECTION_REFUSED @ http://localhost:3000/@vite/client:1034
[  603335ms] [ERROR] WebSocket connection to 'ws://localhost:3000/' failed: Error in connection establishment: net::ERR_CONNECTION_REFUSED @ http://localhost:3000/@vite/client:1034
[  610663ms] [ERROR] WebSocket connection to 'ws://localhost:3000/' failed: Error in connection establishment: net::ERR_CONNECTION_REFUSED @ http://localhost:3000/@vite/client:1034
[  616722ms] [ERROR] WebSocket connection to 'ws://localhost:3000/' failed: Error in connection establishment: net::ERR_CONNECTION_REFUSED @ http://localhost:3000/@vite/client:1034
[  624394ms] [ERROR] WebSocket connection to 'ws://localhost:3000/' failed: Error in connection establishment: net::ERR_CONNECTION_REFUSED @ http://localhost:3000/@vite/client:1034
[  629664ms] [ERROR] WebSocket connection to 'ws://localhost:3000/' failed: Error in connection establishment: net::ERR_CONNECTION_REFUSED @ http://localhost:3000/@vite/client:1034
[  634272ms] [ERROR] WebSocket connection to 'ws://localhost:3000/' failed: Error in connection establishment: net::ERR_CONNECTION_REFUSED @ http://localhost:3000/@vite/client:1034
[  642513ms] [ERROR] WebSocket connection to 'ws://localhost:3000/' failed: Error in connection establishment: net::ERR_CONNECTION_REFUSED @ http://localhost:3000/@vite/client:1034
[  646886ms] [ERROR] WebSocket connection to 'ws://localhost:3000/' failed: Error in connection establishment: net::ERR_CONNECTION_REFUSED @ http://localhost:3000/@vite/client:1034
[  651577ms] [ERROR] WebSocket connection to 'ws://localhost:3000/' failed: Error in connection establishment: net::ERR_CONNECTION_REFUSED @ http://localhost:3000/@vite/client:1034
[  658954ms] [ERROR] WebSocket connection to 'ws://localhost:3000/' failed: Error in connection establishment: net::ERR_CONNECTION_REFUSED @ http://localhost:3000/@vite/client:1034
[  663397ms] [ERROR] WebSocket connection to 'ws://localhost:3000/' failed: Error in connection establishment: net::ERR_CONNECTION_REFUSED @ http://localhost:3000/@vite/client:1034
[  669866ms] [ERROR] WebSocket connection to 'ws://localhost:3000/' failed: Error in connection establishment: net::ERR_CONNECTION_REFUSED @ http://localhost:3000/@vite/client:1034
[  676099ms] [ERROR] WebSocket connection to 'ws://localhost:3000/' failed: Error in connection establishment: net::ERR_CONNECTION_REFUSED @ http://localhost:3000/@vite/client:1034
[  680929ms] [ERROR] WebSocket connection to 'ws://localhost:3000/' failed: Error in connection establishment: net::ERR_CONNECTION_REFUSED @ http://localhost:3000/@vite/client:1034
[  686163ms] [ERROR] WebSocket connection to 'ws://localhost:3000/' failed: Error in connection establishment: net::ERR_CONNECTION_REFUSED @ http://localhost:3000/@vite/client:1034
[  692944ms] [ERROR] WebSocket connection to 'ws://localhost:3000/' failed: Error in connection establishment: net::ERR_CONNECTION_REFUSED @ http://localhost:3000/@vite/client:1034
[  697696ms] [ERROR] WebSocket connection to 'ws://localhost:3000/' failed: Error in connection establishment: net::ERR_CONNECTION_REFUSED @ http://localhost:3000/@vite/client:1034
[  703368ms] [ERROR] WebSocket connection to 'ws://localhost:3000/' failed: Error in connection establishment: net::ERR_CONNECTION_REFUSED @ http://localhost:3000/@vite/client:1034
[  711617ms] [ERROR] WebSocket connection to 'ws://localhost:3000/' failed: Error in connection establishment: net::ERR_CONNECTION_REFUSED @ http://localhost:3000/@vite/client:1034
[  718913ms] [ERROR] WebSocket connection to 'ws://localhost:3000/' failed: Error in connection establishment: net::ERR_CONNECTION_REFUSED @ http://localhost:3000/@vite/client:1034
[  726557ms] [ERROR] WebSocket connection to 'ws://localhost:3000/' failed: Error in connection establishment: net::ERR_CONNECTION_REFUSED @ http://localhost:3000/@vite/client:1034
[  734366ms] [ERROR] WebSocket connection to 'ws://localhost:3000/' failed: Error in connection establishment: net::ERR_CONNECTION_REFUSED @ http://localhost:3000/@vite/client:1034
[  740273ms] [ERROR] WebSocket connection to 'ws://localhost:3000/' failed: Error in connection establishment: net::ERR_CONNECTION_REFUSED @ http://localhost:3000/@vite/client:1034
[  748200ms] [ERROR] WebSocket connection to 'ws://localhost:3000/' failed: Error in connection establishment: net::ERR_CONNECTION_REFUSED @ http://localhost:3000/@vite/client:1034
[  756399ms] [ERROR] WebSocket connection to 'ws://localhost:3000/' failed: Error in connection establishment: net::ERR_CONNECTION_REFUSED @ http://localhost:3000/@vite/client:1034
[  762616ms] [ERROR] WebSocket connection to 'ws://localhost:3000/' failed: Error in connection establishment: net::ERR_CONNECTION_REFUSED @ http://localhost:3000/@vite/client:1034
[  767912ms] [ERROR] WebSocket connection to 'ws://localhost:3000/' failed: Error in connection establishment: net::ERR_CONNECTION_REFUSED @ http://localhost:3000/@vite/client:1034
[  775373ms] [ERROR] WebSocket connection to 'ws://localhost:3000/' failed: Error in connection establishment: net::ERR_CONNECTION_REFUSED @ http://localhost:3000/@vite/client:1034
[  783741ms] [ERROR] WebSocket connection to 'ws://localhost:3000/' failed: Error in connection establishment: net::ERR_CONNECTION_REFUSED @ http://localhost:3000/@vite/client:1034
[  790304ms] [ERROR] WebSocket connection to 'ws://localhost:3000/' failed: Error in connection establishment: net::ERR_CONNECTION_REFUSED @ http://localhost:3000/@vite/client:1034
[  795058ms] [ERROR] WebSocket connection to 'ws://localhost:3000/' failed: Error in connection establishment: net::ERR_CONNECTION_REFUSED @ http://localhost:3000/@vite/client:1034
[  801741ms] [ERROR] WebSocket connection to 'ws://localhost:3000/' failed: Error in connection establishment: net::ERR_CONNECTION_REFUSED @ http://localhost:3000/@vite/client:1034
[  807448ms] [ERROR] WebSocket connection to 'ws://localhost:3000/' failed: Error in connection establishment: net::ERR_CONNECTION_REFUSED @ http://localhost:3000/@vite/client:1034
[  811967ms] [ERROR] WebSocket connection to 'ws://localhost:3000/' failed: Error in connection establishment: net::ERR_CONNECTION_REFUSED @ http://localhost:3000/@vite/client:1034
[  816617ms] [ERROR] WebSocket connection to 'ws://localhost:3000/' failed: Error in connection establishment: net::ERR_CONNECTION_REFUSED @ http://localhost:3000/@vite/client:1034
[  823767ms] [ERROR] WebSocket connection to 'ws://localhost:3000/' failed: Error in connection establishment: net::ERR_CONNECTION_REFUSED @ http://localhost:3000/@vite/client:1034
[  830108ms] [ERROR] WebSocket connection to 'ws://localhost:3000/' failed: Error in connection establishment: net::ERR_CONNECTION_REFUSED @ http://localhost:3000/@vite/client:1034
[  838332ms] [ERROR] WebSocket connection to 'ws://localhost:3000/' failed: Error in connection establishment: net::ERR_CONNECTION_REFUSED @ http://localhost:3000/@vite/client:1034
[  844397ms] [ERROR] WebSocket connection to 'ws://localhost:3000/' failed: Error in connection establishment: net::ERR_CONNECTION_REFUSED @ http://localhost:3000/@vite/client:1034
[  851601ms] [ERROR] WebSocket connection to 'ws://localhost:3000/' failed: Error in connection establishment: net::ERR_CONNECTION_REFUSED @ http://localhost:3000/@vite/client:1034
[  856114ms] [ERROR] WebSocket connection to 'ws://localhost:3000/' failed: Error in connection establishment: net::ERR_CONNECTION_REFUSED @ http://localhost:3000/@vite/client:1034
[  862932ms] [ERROR] WebSocket connection to 'ws://localhost:3000/' failed: Error in connection establishment: net::ERR_CONNECTION_REFUSED @ http://localhost:3000/@vite/client:1034
[  869012ms] [ERROR] WebSocket connection to 'ws://localhost:3000/' failed: Error in connection establishment: net::ERR_CONNECTION_REFUSED @ http://localhost:3000/@vite/client:1034
[  875272ms] [ERROR] WebSocket connection to 'ws://localhost:3000/' failed: Error in connection establishment: net::ERR_CONNECTION_REFUSED @ http://localhost:3000/@vite/client:1034
[  880240ms] [ERROR] WebSocket connection to 'ws://localhost:3000/' failed: Error in connection establishment: net::ERR_CONNECTION_REFUSED @ http://localhost:3000/@vite/client:1034
[  887097ms] [ERROR] WebSocket connection to 'ws://localhost:3000/' failed: Error in connection establishment: net::ERR_CONNECTION_REFUSED @ http://localhost:3000/@vite/client:1034
[  894506ms] [ERROR] WebSocket connection to 'ws://localhost:3000/' failed: Error in connection establishment: net::ERR_CONNECTION_REFUSED @ http://localhost:3000/@vite/client:1034
[  901545ms] [ERROR] WebSocket connection to 'ws://localhost:3000/' failed: Error in connection establishment: net::ERR_CONNECTION_REFUSED @ http://localhost:3000/@vite/client:1034
[  908693ms] [ERROR] WebSocket connection to 'ws://localhost:3000/' failed: Error in connection establishment: net::ERR_CONNECTION_REFUSED @ http://localhost:3000/@vite/client:1034
[  913616ms] [ERROR] WebSocket connection to 'ws://localhost:3000/' failed: Error in connection establishment: net::ERR_CONNECTION_REFUSED @ http://localhost:3000/@vite/client:1034
[  921580ms] [ERROR] WebSocket connection to 'ws://localhost:3000/' failed: Error in connection establishment: net::ERR_CONNECTION_REFUSED @ http://localhost:3000/@vite/client:1034
[  927098ms] [ERROR] WebSocket connection to 'ws://localhost:3000/' failed: Error in connection establishment: net::ERR_CONNECTION_REFUSED @ http://localhost:3000/@vite/client:1034
[  932372ms] [ERROR] WebSocket connection to 'ws://localhost:3000/' failed: Error in connection establishment: net::ERR_CONNECTION_REFUSED @ http://localhost:3000/@vite/client:1034
[  939051ms] [ERROR] WebSocket connection to 'ws://localhost:3000/' failed: Error in connection establishment: net::ERR_CONNECTION_REFUSED @ http://localhost:3000/@vite/client:1034
[  943887ms] [ERROR] WebSocket connection to 'ws://localhost:3000/' failed: Error in connection establishment: net::ERR_CONNECTION_REFUSED @ http://localhost:3000/@vite/client:1034
[  950738ms] [ERROR] WebSocket connection to 'ws://localhost:3000/' failed: Error in connection establishment: net::ERR_CONNECTION_REFUSED @ http://localhost:3000/@vite/client:1034
[  958012ms] [ERROR] WebSocket connection to 'ws://localhost:3000/' failed: Error in connection establishment: net::ERR_CONNECTION_REFUSED @ http://localhost:3000/@vite/client:1034
[  963837ms] [ERROR] WebSocket connection to 'ws://localhost:3000/' failed: Error in connection establishment: net::ERR_CONNECTION_REFUSED @ http://localhost:3000/@vite/client:1034
[  969302ms] [ERROR] WebSocket connection to 'ws://localhost:3000/' failed: Error in connection establishment: net::ERR_CONNECTION_REFUSED @ http://localhost:3000/@vite/client:1034
[  974692ms] [ERROR] WebSocket connection to 'ws://localhost:3000/' failed: Error in connection establishment: net::ERR_CONNECTION_REFUSED @ http://localhost:3000/@vite/client:1034
[  981615ms] [ERROR] WebSocket connection to 'ws://localhost:3000/' failed: Error in connection establishment: net::ERR_CONNECTION_REFUSED @ http://localhost:3000/@vite/client:1034
[  988994ms] [ERROR] WebSocket connection to 'ws://localhost:3000/' failed: Error in connection establishment: net::ERR_CONNECTION_REFUSED @ http://localhost:3000/@vite/client:1034
[  995882ms] [ERROR] WebSocket connection to 'ws://localhost:3000/' failed: Error in connection establishment: net::ERR_CONNECTION_REFUSED @ http://localhost:3000/@vite/client:1034
[ 1003335ms] [ERROR] WebSocket connection to 'ws://localhost:3000/' failed: Error in connection establishment: net::ERR_CONNECTION_REFUSED @ http://localhost:3000/@vite/client:1034
[ 1009635ms] [ERROR] WebSocket connection to 'ws://localhost:3000/' failed: Error in connection establishment: net::ERR_CONNECTION_REFUSED @ http://localhost:3000/@vite/client:1034
[ 1016397ms] [ERROR] WebSocket connection to 'ws://localhost:3000/' failed: Error in connection establishment: net::ERR_CONNECTION_REFUSED @ http://localhost:3000/@vite/client:1034
[ 1022265ms] [ERROR] WebSocket connection to 'ws://localhost:3000/' failed: Error in connection establishment: net::ERR_CONNECTION_REFUSED @ http://localhost:3000/@vite/client:1034
[ 1029693ms] [ERROR] WebSocket connection to 'ws://localhost:3000/' failed: Error in connection establishment: net::ERR_CONNECTION_REFUSED @ http://localhost:3000/@vite/client:1034
[ 1037872ms] [ERROR] WebSocket connection to 'ws://localhost:3000/' failed: Error in connection establishment: net::ERR_CONNECTION_REFUSED @ http://localhost:3000/@vite/client:1034
[ 1045950ms] [ERROR] WebSocket connection to 'ws://localhost:3000/' failed: Error in connection establishment: net::ERR_CONNECTION_REFUSED @ http://localhost:3000/@vite/client:1034
[ 1052608ms] [ERROR] WebSocket connection to 'ws://localhost:3000/' failed: Error in connection establishment: net::ERR_CONNECTION_REFUSED @ http://localhost:3000/@vite/client:1034
[ 1058319ms] [ERROR] WebSocket connection to 'ws://localhost:3000/' failed: Error in connection establishment: net::ERR_CONNECTION_REFUSED @ http://localhost:3000/@vite/client:1034
[ 1063974ms] [ERROR] WebSocket connection to 'ws://localhost:3000/' failed: Error in connection establishment: net::ERR_CONNECTION_REFUSED @ http://localhost:3000/@vite/client:1034
[ 1068586ms] [ERROR] WebSocket connection to 'ws://localhost:3000/' failed: Error in connection establishment: net::ERR_CONNECTION_REFUSED @ http://localhost:3000/@vite/client:1034
[ 1074436ms] [ERROR] WebSocket connection to 'ws://localhost:3000/' failed: Error in connection establishment: net::ERR_CONNECTION_REFUSED @ http://localhost:3000/@vite/client:1034
[ 1080902ms] [ERROR] WebSocket connection to 'ws://localhost:3000/' failed: Error in connection establishment: net::ERR_CONNECTION_REFUSED @ http://localhost:3000/@vite/client:1034
[ 1084243ms] [ERROR] WebSocket connection to 'ws://localhost:3000/' failed: Error in connection establishment: net::ERR_CONNECTION_REFUSED @ http://localhost:3000/@vite/client:1034
[ 1087580ms] [ERROR] WebSocket connection to 'ws://localhost:3000/' failed: Error in connection establishment: net::ERR_CONNECTION_REFUSED @ http://localhost:3000/@vite/client:1034
[ 1090970ms] [ERROR] WebSocket connection to 'ws://localhost:3000/' failed: Error in connection establishment: net::ERR_CONNECTION_REFUSED @ http://localhost:3000/@vite/client:1034
[ 1094312ms] [ERROR] WebSocket connection to 'ws://localhost:3000/' failed: Error in connection establishment: net::ERR_CONNECTION_REFUSED @ http://localhost:3000/@vite/client:1034
[ 1097664ms] [ERROR] WebSocket connection to 'ws://localhost:3000/' failed: Error in connection establishment: net::ERR_CONNECTION_REFUSED @ http://localhost:3000/@vite/client:1034
[ 1101045ms] [ERROR] WebSocket connection to 'ws://localhost:3000/' failed: Error in connection establishment: net::ERR_CONNECTION_REFUSED @ http://localhost:3000/@vite/client:1034
[ 1104450ms] [ERROR] WebSocket connection to 'ws://localhost:3000/' failed: Error in connection establishment: net::ERR_CONNECTION_REFUSED @ http://localhost:3000/@vite/client:1034
[ 1107829ms] [ERROR] WebSocket connection to 'ws://localhost:3000/' failed: Error in connection establishment: net::ERR_CONNECTION_REFUSED @ http://localhost:3000/@vite/client:1034
[ 1111215ms] [ERROR] WebSocket connection to 'ws://localhost:3000/' failed: Error in connection establishment: net::ERR_CONNECTION_REFUSED @ http://localhost:3000/@vite/client:1034
[ 1114587ms] [ERROR] WebSocket connection to 'ws://localhost:3000/' failed: Error in connection establishment: net::ERR_CONNECTION_REFUSED @ http://localhost:3000/@vite/client:1034
[ 1117975ms] [ERROR] WebSocket connection to 'ws://localhost:3000/' failed: Error in connection establishment: net::ERR_CONNECTION_REFUSED @ http://localhost:3000/@vite/client:1034
[ 1121403ms] [ERROR] WebSocket connection to 'ws://localhost:3000/' failed: Error in connection establishment: net::ERR_CONNECTION_REFUSED @ http://localhost:3000/@vite/client:1034
[ 1125040ms] [ERROR] WebSocket connection to 'ws://localhost:3000/' failed: Error in connection establishment: net::ERR_CONNECTION_REFUSED @ http://localhost:3000/@vite/client:1034
[ 1128647ms] [ERROR] WebSocket connection to 'ws://localhost:3000/' failed: Error in connection establishment: net::ERR_CONNECTION_REFUSED @ http://localhost:3000/@vite/client:1034
[ 1133115ms] [ERROR] WebSocket connection to 'ws://localhost:3000/' failed: Error in connection establishment: net::ERR_CONNECTION_REFUSED @ http://localhost:3000/@vite/client:1034
[ 1138718ms] [ERROR] WebSocket connection to 'ws://localhost:3000/' failed: Error in connection establishment: net::ERR_CONNECTION_REFUSED @ http://localhost:3000/@vite/client:1034
[ 1144907ms] [ERROR] WebSocket connection to 'ws://localhost:3000/' failed: Error in connection establishment: net::ERR_CONNECTION_REFUSED @ http://localhost:3000/@vite/client:1034
[ 1152680ms] [ERROR] WebSocket connection to 'ws://localhost:3000/' failed: Error in connection establishment: net::ERR_CONNECTION_REFUSED @ http://localhost:3000/@vite/client:1034
[ 1157104ms] [ERROR] WebSocket connection to 'ws://localhost:3000/' failed: Error in connection establishment: net::ERR_CONNECTION_REFUSED @ http://localhost:3000/@vite/client:1034
[ 1163782ms] [ERROR] WebSocket connection to 'ws://localhost:3000/' failed: Error in connection establishment: net::ERR_CONNECTION_REFUSED @ http://localhost:3000/@vite/client:1034
[ 1170443ms] [ERROR] WebSocket connection to 'ws://localhost:3000/' failed: Error in connection establishment: net::ERR_CONNECTION_REFUSED @ http://localhost:3000/@vite/client:1034
[ 1177076ms] [ERROR] WebSocket connection to 'ws://localhost:3000/' failed: Error in connection establishment: net::ERR_CONNECTION_REFUSED @ http://localhost:3000/@vite/client:1034
[ 1182543ms] [ERROR] WebSocket connection to 'ws://localhost:3000/' failed: Error in connection establishment: net::ERR_CONNECTION_REFUSED @ http://localhost:3000/@vite/client:1034
[ 1189598ms] [ERROR] WebSocket connection to 'ws://localhost:3000/' failed: Error in connection establishment: net::ERR_CONNECTION_REFUSED @ http://localhost:3000/@vite/client:1034
[ 1197880ms] [ERROR] WebSocket connection to 'ws://localhost:3000/' failed: Error in connection establishment: net::ERR_CONNECTION_REFUSED @ http://localhost:3000/@vite/client:1034
[ 1203246ms] [ERROR] WebSocket connection to 'ws://localhost:3000/' failed: Error in connection establishment: net::ERR_CONNECTION_REFUSED @ http://localhost:3000/@vite/client:1034
[ 1211197ms] [ERROR] WebSocket connection to 'ws://localhost:3000/' failed: Error in connection establishment: net::ERR_CONNECTION_REFUSED @ http://localhost:3000/@vite/client:1034
[ 1219174ms] [ERROR] WebSocket connection to 'ws://localhost:3000/' failed: Error in connection establishment: net::ERR_CONNECTION_REFUSED @ http://localhost:3000/@vite/client:1034
[ 1225920ms] [ERROR] WebSocket connection to 'ws://localhost:3000/' failed: Error in connection establishment: net::ERR_CONNECTION_REFUSED @ http://localhost:3000/@vite/client:1034
[ 1233099ms] [ERROR] WebSocket connection to 'ws://localhost:3000/' failed: Error in connection establishment: net::ERR_CONNECTION_REFUSED @ http://localhost:3000/@vite/client:1034
[ 1239700ms] [ERROR] WebSocket connection to 'ws://localhost:3000/' failed: Error in connection establishment: net::ERR_CONNECTION_REFUSED @ http://localhost:3000/@vite/client:1034
[ 1247364ms] [ERROR] WebSocket connection to 'ws://localhost:3000/' failed: Error in connection establishment: net::ERR_CONNECTION_REFUSED @ http://localhost:3000/@vite/client:1034
[ 1251817ms] [ERROR] WebSocket connection to 'ws://localhost:3000/' failed: Error in connection establishment: net::ERR_CONNECTION_REFUSED @ http://localhost:3000/@vite/client:1034
[ 1256581ms] [ERROR] WebSocket connection to 'ws://localhost:3000/' failed: Error in connection establishment: net::ERR_CONNECTION_REFUSED @ http://localhost:3000/@vite/client:1034
[ 1262581ms] [ERROR] WebSocket connection to 'ws://localhost:3000/' failed: Error in connection establishment: net::ERR_CONNECTION_REFUSED @ http://localhost:3000/@vite/client:1034
[ 1270659ms] [ERROR] WebSocket connection to 'ws://localhost:3000/' failed: Error in connection establishment: net::ERR_CONNECTION_REFUSED @ http://localhost:3000/@vite/client:1034
[ 1276577ms] [ERROR] WebSocket connection to 'ws://localhost:3000/' failed: Error in connection establishment: net::ERR_CONNECTION_REFUSED @ http://localhost:3000/@vite/client:1034
[ 1281110ms] [ERROR] WebSocket connection to 'ws://localhost:3000/' failed: Error in connection establishment: net::ERR_CONNECTION_REFUSED @ http://localhost:3000/@vite/client:1034
[ 1288824ms] [ERROR] WebSocket connection to 'ws://localhost:3000/' failed: Error in connection establishment: net::ERR_CONNECTION_REFUSED @ http://localhost:3000/@vite/client:1034
[ 1293528ms] [ERROR] WebSocket connection to 'ws://localhost:3000/' failed: Error in connection establishment: net::ERR_CONNECTION_REFUSED @ http://localhost:3000/@vite/client:1034
[ 1299951ms] [ERROR] WebSocket connection to 'ws://localhost:3000/' failed: Error in connection establishment: net::ERR_CONNECTION_REFUSED @ http://localhost:3000/@vite/client:1034
[ 1306986ms] [ERROR] WebSocket connection to 'ws://localhost:3000/' failed: Error in connection establishment: net::ERR_CONNECTION_REFUSED @ http://localhost:3000/@vite/client:1034
[ 1314053ms] [ERROR] WebSocket connection to 'ws://localhost:3000/' failed: Error in connection establishment: net::ERR_CONNECTION_REFUSED @ http://localhost:3000/@vite/client:1034
[ 1320290ms] [ERROR] WebSocket connection to 'ws://localhost:3000/' failed: Error in connection establishment: net::ERR_CONNECTION_REFUSED @ http://localhost:3000/@vite/client:1034
[ 1326517ms] [ERROR] WebSocket connection to 'ws://localhost:3000/' failed: Error in connection establishment: net::ERR_CONNECTION_REFUSED @ http://localhost:3000/@vite/client:1034
[ 1331325ms] [ERROR] WebSocket connection to 'ws://localhost:3000/' failed: Error in connection establishment: net::ERR_CONNECTION_REFUSED @ http://localhost:3000/@vite/client:1034
[ 1336580ms] [ERROR] WebSocket connection to 'ws://localhost:3000/' failed: Error in connection establishment: net::ERR_CONNECTION_REFUSED @ http://localhost:3000/@vite/client:1034
[ 1344101ms] [ERROR] WebSocket connection to 'ws://localhost:3000/' failed: Error in connection establishment: net::ERR_CONNECTION_REFUSED @ http://localhost:3000/@vite/client:1034
[ 1349985ms] [ERROR] WebSocket connection to 'ws://localhost:3000/' failed: Error in connection establishment: net::ERR_CONNECTION_REFUSED @ http://localhost:3000/@vite/client:1034
[ 1357520ms] [ERROR] WebSocket connection to 'ws://localhost:3000/' failed: Error in connection establishment: net::ERR_CONNECTION_REFUSED @ http://localhost:3000/@vite/client:1034
[ 1362204ms] [ERROR] WebSocket connection to 'ws://localhost:3000/' failed: Error in connection establishment: net::ERR_CONNECTION_REFUSED @ http://localhost:3000/@vite/client:1034
[ 1370361ms] [ERROR] WebSocket connection to 'ws://localhost:3000/' failed: Error in connection establishment: net::ERR_CONNECTION_REFUSED @ http://localhost:3000/@vite/client:1034
[ 1375005ms] [ERROR] WebSocket connection to 'ws://localhost:3000/' failed: Error in connection establishment: net::ERR_CONNECTION_REFUSED @ http://localhost:3000/@vite/client:1034
[ 1381967ms] [ERROR] WebSocket connection to 'ws://localhost:3000/' failed: Error in connection establishment: net::ERR_CONNECTION_REFUSED @ http://localhost:3000/@vite/client:1034
[ 1388936ms] [ERROR] WebSocket connection to 'ws://localhost:3000/' failed: Error in connection establishment: net::ERR_CONNECTION_REFUSED @ http://localhost:3000/@vite/client:1034
[ 1397211ms] [ERROR] WebSocket connection to 'ws://localhost:3000/' failed: Error in connection establishment: net::ERR_CONNECTION_REFUSED @ http://localhost:3000/@vite/client:1034
[ 1403879ms] [ERROR] WebSocket connection to 'ws://localhost:3000/' failed: Error in connection establishment: net::ERR_CONNECTION_REFUSED @ http://localhost:3000/@vite/client:1034
[ 1408991ms] [ERROR] WebSocket connection to 'ws://localhost:3000/' failed: Error in connection establishment: net::ERR_CONNECTION_REFUSED @ http://localhost:3000/@vite/client:1034
[ 1414564ms] [ERROR] WebSocket connection to 'ws://localhost:3000/' failed: Error in connection establishment: net::ERR_CONNECTION_REFUSED @ http://localhost:3000/@vite/client:1034
[ 1421868ms] [ERROR] WebSocket connection to 'ws://localhost:3000/' failed: Error in connection establishment: net::ERR_CONNECTION_REFUSED @ http://localhost:3000/@vite/client:1034
[ 1429052ms] [ERROR] WebSocket connection to 'ws://localhost:3000/' failed: Error in connection establishment: net::ERR_CONNECTION_REFUSED @ http://localhost:3000/@vite/client:1034
[ 1434981ms] [ERROR] WebSocket connection to 'ws://localhost:3000/' failed: Error in connection establishment: net::ERR_CONNECTION_REFUSED @ http://localhost:3000/@vite/client:1034
[ 1440677ms] [ERROR] WebSocket connection to 'ws://localhost:3000/' failed: Error in connection establishment: net::ERR_CONNECTION_REFUSED @ http://localhost:3000/@vite/client:1034
[ 1446444ms] [ERROR] WebSocket connection to 'ws://localhost:3000/' failed: Error in connection establishment: net::ERR_CONNECTION_REFUSED @ http://localhost:3000/@vite/client:1034
[ 1454768ms] [ERROR] WebSocket connection to 'ws://localhost:3000/' failed: Error in connection establishment: net::ERR_CONNECTION_REFUSED @ http://localhost:3000/@vite/client:1034
[ 1460230ms] [ERROR] WebSocket connection to 'ws://localhost:3000/' failed: Error in connection establishment: net::ERR_CONNECTION_REFUSED @ http://localhost:3000/@vite/client:1034
[ 1466128ms] [ERROR] WebSocket connection to 'ws://localhost:3000/' failed: Error in connection establishment: net::ERR_CONNECTION_REFUSED @ http://localhost:3000/@vite/client:1034
[ 1473467ms] [ERROR] WebSocket connection to 'ws://localhost:3000/' failed: Error in connection establishment: net::ERR_CONNECTION_REFUSED @ http://localhost:3000/@vite/client:1034
[ 1479283ms] [ERROR] WebSocket connection to 'ws://localhost:3000/' failed: Error in connection establishment: net::ERR_CONNECTION_REFUSED @ http://localhost:3000/@vite/client:1034
[ 1485461ms] [ERROR] WebSocket connection to 'ws://localhost:3000/' failed: Error in connection establishment: net::ERR_CONNECTION_REFUSED @ http://localhost:3000/@vite/client:1034
[ 1491816ms] [ERROR] WebSocket connection to 'ws://localhost:3000/' failed: Error in connection establishment: net::ERR_CONNECTION_REFUSED @ http://localhost:3000/@vite/client:1034
[ 1496567ms] [ERROR] WebSocket connection to 'ws://localhost:3000/' failed: Error in connection establishment: net::ERR_CONNECTION_REFUSED @ http://localhost:3000/@vite/client:1034
[ 1500949ms] [ERROR] WebSocket connection to 'ws://localhost:3000/' failed: Error in connection establishment: net::ERR_CONNECTION_REFUSED @ http://localhost:3000/@vite/client:1034
[ 1509129ms] [ERROR] WebSocket connection to 'ws://localhost:3000/' failed: Error in connection establishment: net::ERR_CONNECTION_REFUSED @ http://localhost:3000/@vite/client:1034
[ 1516741ms] [ERROR] WebSocket connection to 'ws://localhost:3000/' failed: Error in connection establishment: net::ERR_CONNECTION_REFUSED @ http://localhost:3000/@vite/client:1034
[ 1523842ms] [ERROR] WebSocket connection to 'ws://localhost:3000/' failed: Error in connection establishment: net::ERR_CONNECTION_REFUSED @ http://localhost:3000/@vite/client:1034
[ 1531458ms] [ERROR] WebSocket connection to 'ws://localhost:3000/' failed: Error in connection establishment: net::ERR_CONNECTION_REFUSED @ http://localhost:3000/@vite/client:1034
[ 1538837ms] [ERROR] WebSocket connection to 'ws://localhost:3000/' failed: Error in connection establishment: net::ERR_CONNECTION_REFUSED @ http://localhost:3000/@vite/client:1034
[ 1546443ms] [ERROR] WebSocket connection to 'ws://localhost:3000/' failed: Error in connection establishment: net::ERR_CONNECTION_REFUSED @ http://localhost:3000/@vite/client:1034
[ 1551970ms] [ERROR] WebSocket connection to 'ws://localhost:3000/' failed: Error in connection establishment: net::ERR_CONNECTION_REFUSED @ http://localhost:3000/@vite/client:1034
[ 1557879ms] [ERROR] WebSocket connection to 'ws://localhost:3000/' failed: Error in connection establishment: net::ERR_CONNECTION_REFUSED @ http://localhost:3000/@vite/client:1034
[ 1562433ms] [ERROR] WebSocket connection to 'ws://localhost:3000/' failed: Error in connection establishment: net::ERR_CONNECTION_REFUSED @ http://localhost:3000/@vite/client:1034
[ 1569145ms] [ERROR] WebSocket connection to 'ws://localhost:3000/' failed: Error in connection establishment: net::ERR_CONNECTION_REFUSED @ http://localhost:3000/@vite/client:1034
[ 1576486ms] [ERROR] WebSocket connection to 'ws://localhost:3000/' failed: Error in connection establishment: net::ERR_CONNECTION_REFUSED @ http://localhost:3000/@vite/client:1034
[ 1583938ms] [ERROR] WebSocket connection to 'ws://localhost:3000/' failed: Error in connection establishment: net::ERR_CONNECTION_REFUSED @ http://localhost:3000/@vite/client:1034
[ 1589423ms] [ERROR] WebSocket connection to 'ws://localhost:3000/' failed: Error in connection establishment: net::ERR_CONNECTION_REFUSED @ http://localhost:3000/@vite/client:1034
[ 1594341ms] [ERROR] WebSocket connection to 'ws://localhost:3000/' failed: Error in connection establishment: net::ERR_CONNECTION_REFUSED @ http://localhost:3000/@vite/client:1034
[ 1602546ms] [ERROR] WebSocket connection to 'ws://localhost:3000/' failed: Error in connection establishment: net::ERR_CONNECTION_REFUSED @ http://localhost:3000/@vite/client:1034
[ 1608727ms] [ERROR] WebSocket connection to 'ws://localhost:3000/' failed: Error in connection establishment: net::ERR_CONNECTION_REFUSED @ http://localhost:3000/@vite/client:1034
[ 1614262ms] [ERROR] WebSocket connection to 'ws://localhost:3000/' failed: Error in connection establishment: net::ERR_CONNECTION_REFUSED @ http://localhost:3000/@vite/client:1034
[ 1621455ms] [ERROR] WebSocket connection to 'ws://localhost:3000/' failed: Error in connection establishment: net::ERR_CONNECTION_REFUSED @ http://localhost:3000/@vite/client:1034
[ 1629363ms] [ERROR] WebSocket connection to 'ws://localhost:3000/' failed: Error in connection establishment: net::ERR_CONNECTION_REFUSED @ http://localhost:3000/@vite/client:1034
[ 1634987ms] [ERROR] WebSocket connection to 'ws://localhost:3000/' failed: Error in connection establishment: net::ERR_CONNECTION_REFUSED @ http://localhost:3000/@vite/client:1034
[ 1641691ms] [ERROR] WebSocket connection to 'ws://localhost:3000/' failed: Error in connection establishment: net::ERR_CONNECTION_REFUSED @ http://localhost:3000/@vite/client:1034
[ 1648099ms] [ERROR] WebSocket connection to 'ws://localhost:3000/' failed: Error in connection establishment: net::ERR_CONNECTION_REFUSED @ http://localhost:3000/@vite/client:1034
[ 1655286ms] [ERROR] WebSocket connection to 'ws://localhost:3000/' failed: Error in connection establishment: net::ERR_CONNECTION_REFUSED @ http://localhost:3000/@vite/client:1034
[ 1663189ms] [ERROR] WebSocket connection to 'ws://localhost:3000/' failed: Error in connection establishment: net::ERR_CONNECTION_REFUSED @ http://localhost:3000/@vite/client:1034
[ 1669426ms] [ERROR] WebSocket connection to 'ws://localhost:3000/' failed: Error in connection establishment: net::ERR_CONNECTION_REFUSED @ http://localhost:3000/@vite/client:1034
[ 1676926ms] [ERROR] WebSocket connection to 'ws://localhost:3000/' failed: Error in connection establishment: net::ERR_CONNECTION_REFUSED @ http://localhost:3000/@vite/client:1034
[ 1682057ms] [ERROR] WebSocket connection to 'ws://localhost:3000/' failed: Error in connection establishment: net::ERR_CONNECTION_REFUSED @ http://localhost:3000/@vite/client:1034
[ 1687054ms] [ERROR] WebSocket connection to 'ws://localhost:3000/' failed: Error in connection establishment: net::ERR_CONNECTION_REFUSED @ http://localhost:3000/@vite/client:1034
[ 1692450ms] [ERROR] WebSocket connection to 'ws://localhost:3000/' failed: Error in connection establishment: net::ERR_CONNECTION_REFUSED @ http://localhost:3000/@vite/client:1034
[ 1700222ms] [ERROR] WebSocket connection to 'ws://localhost:3000/' failed: Error in connection establishment: net::ERR_CONNECTION_REFUSED @ http://localhost:3000/@vite/client:1034
[ 1704814ms] [ERROR] WebSocket connection to 'ws://localhost:3000/' failed: Error in connection establishment: net::ERR_CONNECTION_REFUSED @ http://localhost:3000/@vite/client:1034
[ 1709395ms] [ERROR] WebSocket connection to 'ws://localhost:3000/' failed: Error in connection establishment: net::ERR_CONNECTION_REFUSED @ http://localhost:3000/@vite/client:1034
[ 1716891ms] [ERROR] WebSocket connection to 'ws://localhost:3000/' failed: Error in connection establishment: net::ERR_CONNECTION_REFUSED @ http://localhost:3000/@vite/client:1034
[ 1723473ms] [ERROR] WebSocket connection to 'ws://localhost:3000/' failed: Error in connection establishment: net::ERR_CONNECTION_REFUSED @ http://localhost:3000/@vite/client:1034
[ 1731294ms] [ERROR] WebSocket connection to 'ws://localhost:3000/' failed: Error in connection establishment: net::ERR_CONNECTION_REFUSED @ http://localhost:3000/@vite/client:1034
[ 1738436ms] [ERROR] WebSocket connection to 'ws://localhost:3000/' failed: Error in connection establishment: net::ERR_CONNECTION_REFUSED @ http://localhost:3000/@vite/client:1034
[ 1744336ms] [ERROR] WebSocket connection to 'ws://localhost:3000/' failed: Error in connection establishment: net::ERR_CONNECTION_REFUSED @ http://localhost:3000/@vite/client:1034
[ 1752102ms] [ERROR] WebSocket connection to 'ws://localhost:3000/' failed: Error in connection establishment: net::ERR_CONNECTION_REFUSED @ http://localhost:3000/@vite/client:1034
[ 1760367ms] [ERROR] WebSocket connection to 'ws://localhost:3000/' failed: Error in connection establishment: net::ERR_CONNECTION_REFUSED @ http://localhost:3000/@vite/client:1034
[ 1765107ms] [ERROR] WebSocket connection to 'ws://localhost:3000/' failed: Error in connection establishment: net::ERR_CONNECTION_REFUSED @ http://localhost:3000/@vite/client:1034
[ 1769567ms] [ERROR] WebSocket connection to 'ws://localhost:3000/' failed: Error in connection establishment: net::ERR_CONNECTION_REFUSED @ http://localhost:3000/@vite/client:1034
[ 1776527ms] [ERROR] WebSocket connection to 'ws://localhost:3000/' failed: Error in connection establishment: net::ERR_CONNECTION_REFUSED @ http://localhost:3000/@vite/client:1034
[ 1782702ms] [ERROR] WebSocket connection to 'ws://localhost:3000/' failed: Error in connection establishment: net::ERR_CONNECTION_REFUSED @ http://localhost:3000/@vite/client:1034
[ 1790550ms] [ERROR] WebSocket connection to 'ws://localhost:3000/' failed: Error in connection establishment: net::ERR_CONNECTION_REFUSED @ http://localhost:3000/@vite/client:1034
[ 1797490ms] [ERROR] WebSocket connection to 'ws://localhost:3000/' failed: Error in connection establishment: net::ERR_CONNECTION_REFUSED @ http://localhost:3000/@vite/client:1034
[ 1805236ms] [ERROR] WebSocket connection to 'ws://localhost:3000/' failed: Error in connection establishment: net::ERR_CONNECTION_REFUSED @ http://localhost:3000/@vite/client:1034
[ 1810852ms] [ERROR] WebSocket connection to 'ws://localhost:3000/' failed: Error in connection establishment: net::ERR_CONNECTION_REFUSED @ http://localhost:3000/@vite/client:1034
[ 1816809ms] [ERROR] WebSocket connection to 'ws://localhost:3000/' failed: Error in connection establishment: net::ERR_CONNECTION_REFUSED @ http://localhost:3000/@vite/client:1034
[ 1822502ms] [ERROR] WebSocket connection to 'ws://localhost:3000/' failed: Error in connection establishment: net::ERR_CONNECTION_REFUSED @ http://localhost:3000/@vite/client:1034
[ 1827281ms] [ERROR] WebSocket connection to 'ws://localhost:3000/' failed: Error in connection establishment: net::ERR_CONNECTION_REFUSED @ http://localhost:3000/@vite/client:1034
[ 1833728ms] [ERROR] WebSocket connection to 'ws://localhost:3000/' failed: Error in connection establishment: net::ERR_CONNECTION_REFUSED @ http://localhost:3000/@vite/client:1034
[ 1840284ms] [ERROR] WebSocket connection to 'ws://localhost:3000/' failed: Error in connection establishment: net::ERR_CONNECTION_REFUSED @ http://localhost:3000/@vite/client:1034
[ 1844904ms] [ERROR] WebSocket connection to 'ws://localhost:3000/' failed: Error in connection establishment: net::ERR_CONNECTION_REFUSED @ http://localhost:3000/@vite/client:1034
[ 1849706ms] [ERROR] WebSocket connection to 'ws://localhost:3000/' failed: Error in connection establishment: net::ERR_CONNECTION_REFUSED @ http://localhost:3000/@vite/client:1034
[ 1858087ms] [ERROR] WebSocket connection to 'ws://localhost:3000/' failed: Error in connection establishment: net::ERR_CONNECTION_REFUSED @ http://localhost:3000/@vite/client:1034
[ 1864263ms] [ERROR] WebSocket connection to 'ws://localhost:3000/' failed: Error in connection establishment: net::ERR_CONNECTION_REFUSED @ http://localhost:3000/@vite/client:1034
[ 1869732ms] [ERROR] WebSocket connection to 'ws://localhost:3000/' failed: Error in connection establishment: net::ERR_CONNECTION_REFUSED @ http://localhost:3000/@vite/client:1034
[ 1875943ms] [ERROR] WebSocket connection to 'ws://localhost:3000/' failed: Error in connection establishment: net::ERR_CONNECTION_REFUSED @ http://localhost:3000/@vite/client:1034
[ 1883587ms] [ERROR] WebSocket connection to 'ws://localhost:3000/' failed: Error in connection establishment: net::ERR_CONNECTION_REFUSED @ http://localhost:3000/@vite/client:1034
[ 1888879ms] [ERROR] WebSocket connection to 'ws://localhost:3000/' failed: Error in connection establishment: net::ERR_CONNECTION_REFUSED @ http://localhost:3000/@vite/client:1034
[ 1896082ms] [ERROR] WebSocket connection to 'ws://localhost:3000/' failed: Error in connection establishment: net::ERR_CONNECTION_REFUSED @ http://localhost:3000/@vite/client:1034
[ 1903637ms] [ERROR] WebSocket connection to 'ws://localhost:3000/' failed: Error in connection establishment: net::ERR_CONNECTION_REFUSED @ http://localhost:3000/@vite/client:1034
[ 1909631ms] [ERROR] WebSocket connection to 'ws://localhost:3000/' failed: Error in connection establishment: net::ERR_CONNECTION_REFUSED @ http://localhost:3000/@vite/client:1034
[ 1917104ms] [ERROR] WebSocket connection to 'ws://localhost:3000/' failed: Error in connection establishment: net::ERR_CONNECTION_REFUSED @ http://localhost:3000/@vite/client:1034
[ 1921860ms] [ERROR] WebSocket connection to 'ws://localhost:3000/' failed: Error in connection establishment: net::ERR_CONNECTION_REFUSED @ http://localhost:3000/@vite/client:1034
[ 1925209ms] [ERROR] WebSocket connection to 'ws://localhost:3000/' failed: Error in connection establishment: net::ERR_CONNECTION_REFUSED @ http://localhost:3000/@vite/client:1034
[ 1928569ms] [ERROR] WebSocket connection to 'ws://localhost:3000/' failed: Error in connection establishment: net::ERR_CONNECTION_REFUSED @ http://localhost:3000/@vite/client:1034
[ 1931912ms] [ERROR] WebSocket connection to 'ws://localhost:3000/' failed: Error in connection establishment: net::ERR_CONNECTION_REFUSED @ http://localhost:3000/@vite/client:1034
[ 1935262ms] [ERROR] WebSocket connection to 'ws://localhost:3000/' failed: Error in connection establishment: net::ERR_CONNECTION_REFUSED @ http://localhost:3000/@vite/client:1034
[ 1938618ms] [ERROR] WebSocket connection to 'ws://localhost:3000/' failed: Error in connection establishment: net::ERR_CONNECTION_REFUSED @ http://localhost:3000/@vite/client:1034
[ 1941976ms] [ERROR] WebSocket connection to 'ws://localhost:3000/' failed: Error in connection establishment: net::ERR_CONNECTION_REFUSED @ http://localhost:3000/@vite/client:1034
[ 1945350ms] [ERROR] WebSocket connection to 'ws://localhost:3000/' failed: Error in connection establishment: net::ERR_CONNECTION_REFUSED @ http://localhost:3000/@vite/client:1034
[ 1948705ms] [ERROR] WebSocket connection to 'ws://localhost:3000/' failed: Error in connection establishment: net::ERR_CONNECTION_REFUSED @ http://localhost:3000/@vite/client:1034
[ 1952055ms] [ERROR] WebSocket connection to 'ws://localhost:3000/' failed: Error in connection establishment: net::ERR_CONNECTION_REFUSED @ http://localhost:3000/@vite/client:1034
[ 1955443ms] [ERROR] WebSocket connection to 'ws://localhost:3000/' failed: Error in connection establishment: net::ERR_CONNECTION_REFUSED @ http://localhost:3000/@vite/client:1034
[ 1958860ms] [ERROR] WebSocket connection to 'ws://localhost:3000/' failed: Error in connection establishment: net::ERR_CONNECTION_REFUSED @ http://localhost:3000/@vite/client:1034
[ 1962381ms] [ERROR] WebSocket connection to 'ws://localhost:3000/' failed: Error in connection establishment: net::ERR_CONNECTION_REFUSED @ http://localhost:3000/@vite/client:1034
[ 1965894ms] [ERROR] WebSocket connection to 'ws://localhost:3000/' failed: Error in connection establishment: net::ERR_CONNECTION_REFUSED @ http://localhost:3000/@vite/client:1034
[ 1969442ms] [ERROR] WebSocket connection to 'ws://localhost:3000/' failed: Error in connection establishment: net::ERR_CONNECTION_REFUSED @ http://localhost:3000/@vite/client:1034
[ 1973277ms] [ERROR] WebSocket connection to 'ws://localhost:3000/' failed: Error in connection establishment: net::ERR_CONNECTION_REFUSED @ http://localhost:3000/@vite/client:1034
[ 1978005ms] [ERROR] WebSocket connection to 'ws://localhost:3000/' failed: Error in connection establishment: net::ERR_CONNECTION_REFUSED @ http://localhost:3000/@vite/client:1034
[ 1984049ms] [ERROR] WebSocket connection to 'ws://localhost:3000/' failed: Error in connection establishment: net::ERR_CONNECTION_REFUSED @ http://localhost:3000/@vite/client:1034
[ 1990566ms] [ERROR] WebSocket connection to 'ws://localhost:3000/' failed: Error in connection establishment: net::ERR_CONNECTION_REFUSED @ http://localhost:3000/@vite/client:1034
[ 1997777ms] [ERROR] WebSocket connection to 'ws://localhost:3000/' failed: Error in connection establishment: net::ERR_CONNECTION_REFUSED @ http://localhost:3000/@vite/client:1034
[ 2002337ms] [ERROR] WebSocket connection to 'ws://localhost:3000/' failed: Error in connection establishment: net::ERR_CONNECTION_REFUSED @ http://localhost:3000/@vite/client:1034
[ 2009515ms] [ERROR] WebSocket connection to 'ws://localhost:3000/' failed: Error in connection establishment: net::ERR_CONNECTION_REFUSED @ http://localhost:3000/@vite/client:1034
[ 2017685ms] [ERROR] WebSocket connection to 'ws://localhost:3000/' failed: Error in connection establishment: net::ERR_CONNECTION_REFUSED @ http://localhost:3000/@vite/client:1034
[ 2023473ms] [ERROR] WebSocket connection to 'ws://localhost:3000/' failed: Error in connection establishment: net::ERR_CONNECTION_REFUSED @ http://localhost:3000/@vite/client:1034
[ 2031008ms] [ERROR] WebSocket connection to 'ws://localhost:3000/' failed: Error in connection establishment: net::ERR_CONNECTION_REFUSED @ http://localhost:3000/@vite/client:1034
[ 2035536ms] [ERROR] WebSocket connection to 'ws://localhost:3000/' failed: Error in connection establishment: net::ERR_CONNECTION_REFUSED @ http://localhost:3000/@vite/client:1034
[ 2040171ms] [ERROR] WebSocket connection to 'ws://localhost:3000/' failed: Error in connection establishment: net::ERR_CONNECTION_REFUSED @ http://localhost:3000/@vite/client:1034
[ 2045752ms] [ERROR] WebSocket connection to 'ws://localhost:3000/' failed: Error in connection establishment: net::ERR_CONNECTION_REFUSED @ http://localhost:3000/@vite/client:1034
[ 2050352ms] [ERROR] WebSocket connection to 'ws://localhost:3000/' failed: Error in connection establishment: net::ERR_CONNECTION_REFUSED @ http://localhost:3000/@vite/client:1034
[ 2056402ms] [ERROR] WebSocket connection to 'ws://localhost:3000/' failed: Error in connection establishment: net::ERR_CONNECTION_REFUSED @ http://localhost:3000/@vite/client:1034
[ 2064641ms] [ERROR] WebSocket connection to 'ws://localhost:3000/' failed: Error in connection establishment: net::ERR_CONNECTION_REFUSED @ http://localhost:3000/@vite/client:1034
[ 2071346ms] [ERROR] WebSocket connection to 'ws://localhost:3000/' failed: Error in connection establishment: net::ERR_CONNECTION_REFUSED @ http://localhost:3000/@vite/client:1034
[ 2077340ms] [ERROR] WebSocket connection to 'ws://localhost:3000/' failed: Error in connection establishment: net::ERR_CONNECTION_REFUSED @ http://localhost:3000/@vite/client:1034
[ 2084961ms] [ERROR] WebSocket connection to 'ws://localhost:3000/' failed: Error in connection establishment: net::ERR_CONNECTION_REFUSED @ http://localhost:3000/@vite/client:1034
[ 2089591ms] [ERROR] WebSocket connection to 'ws://localhost:3000/' failed: Error in connection establishment: net::ERR_CONNECTION_REFUSED @ http://localhost:3000/@vite/client:1034
[ 2096482ms] [ERROR] WebSocket connection to 'ws://localhost:3000/' failed: Error in connection establishment: net::ERR_CONNECTION_REFUSED @ http://localhost:3000/@vite/client:1034
[ 2104024ms] [ERROR] WebSocket connection to 'ws://localhost:3000/' failed: Error in connection establishment: net::ERR_CONNECTION_REFUSED @ http://localhost:3000/@vite/client:1034
[ 2110852ms] [ERROR] WebSocket connection to 'ws://localhost:3000/' failed: Error in connection establishment: net::ERR_CONNECTION_REFUSED @ http://localhost:3000/@vite/client:1034
[ 2115867ms] [ERROR] WebSocket connection to 'ws://localhost:3000/' failed: Error in connection establishment: net::ERR_CONNECTION_REFUSED @ http://localhost:3000/@vite/client:1034
[ 2121533ms] [ERROR] WebSocket connection to 'ws://localhost:3000/' failed: Error in connection establishment: net::ERR_CONNECTION_REFUSED @ http://localhost:3000/@vite/client:1034
[ 2128932ms] [ERROR] WebSocket connection to 'ws://localhost:3000/' failed: Error in connection establishment: net::ERR_CONNECTION_REFUSED @ http://localhost:3000/@vite/client:1034
[ 2135133ms] [ERROR] WebSocket connection to 'ws://localhost:3000/' failed: Error in connection establishment: net::ERR_CONNECTION_REFUSED @ http://localhost:3000/@vite/client:1034
[ 2140667ms] [ERROR] WebSocket connection to 'ws://localhost:3000/' failed: Error in connection establishment: net::ERR_CONNECTION_REFUSED @ http://localhost:3000/@vite/client:1034
[ 2145595ms] [ERROR] WebSocket connection to 'ws://localhost:3000/' failed: Error in connection establishment: net::ERR_CONNECTION_REFUSED @ http://localhost:3000/@vite/client:1034
[ 2153084ms] [ERROR] WebSocket connection to 'ws://localhost:3000/' failed: Error in connection establishment: net::ERR_CONNECTION_REFUSED @ http://localhost:3000/@vite/client:1034
[ 2160755ms] [ERROR] WebSocket connection to 'ws://localhost:3000/' failed: Error in connection establishment: net::ERR_CONNECTION_REFUSED @ http://localhost:3000/@vite/client:1034
[ 2165547ms] [ERROR] WebSocket connection to 'ws://localhost:3000/' failed: Error in connection establishment: net::ERR_CONNECTION_REFUSED @ http://localhost:3000/@vite/client:1034
[ 2170064ms] [ERROR] WebSocket connection to 'ws://localhost:3000/' failed: Error in connection establishment: net::ERR_CONNECTION_REFUSED @ http://localhost:3000/@vite/client:1034
[ 2177813ms] [ERROR] WebSocket connection to 'ws://localhost:3000/' failed: Error in connection establishment: net::ERR_CONNECTION_REFUSED @ http://localhost:3000/@vite/client:1034
[ 2185907ms] [ERROR] WebSocket connection to 'ws://localhost:3000/' failed: Error in connection establishment: net::ERR_CONNECTION_REFUSED @ http://localhost:3000/@vite/client:1034
[ 2191615ms] [ERROR] WebSocket connection to 'ws://localhost:3000/' failed: Error in connection establishment: net::ERR_CONNECTION_REFUSED @ http://localhost:3000/@vite/client:1034
[ 2199740ms] [ERROR] WebSocket connection to 'ws://localhost:3000/' failed: Error in connection establishment: net::ERR_CONNECTION_REFUSED @ http://localhost:3000/@vite/client:1034
[ 2204435ms] [ERROR] WebSocket connection to 'ws://localhost:3000/' failed: Error in connection establishment: net::ERR_CONNECTION_REFUSED @ http://localhost:3000/@vite/client:1034
[ 2212043ms] [ERROR] WebSocket connection to 'ws://localhost:3000/' failed: Error in connection establishment: net::ERR_CONNECTION_REFUSED @ http://localhost:3000/@vite/client:1034
[ 2217197ms] [ERROR] WebSocket connection to 'ws://localhost:3000/' failed: Error in connection establishment: net::ERR_CONNECTION_REFUSED @ http://localhost:3000/@vite/client:1034
[ 2222503ms] [ERROR] WebSocket connection to 'ws://localhost:3000/' failed: Error in connection establishment: net::ERR_CONNECTION_REFUSED @ http://localhost:3000/@vite/client:1034
[ 2229953ms] [ERROR] WebSocket connection to 'ws://localhost:3000/' failed: Error in connection establishment: net::ERR_CONNECTION_REFUSED @ http://localhost:3000/@vite/client:1034
[ 2235366ms] [ERROR] WebSocket connection to 'ws://localhost:3000/' failed: Error in connection establishment: net::ERR_CONNECTION_REFUSED @ http://localhost:3000/@vite/client:1034
[ 2241281ms] [ERROR] WebSocket connection to 'ws://localhost:3000/' failed: Error in connection establishment: net::ERR_CONNECTION_REFUSED @ http://localhost:3000/@vite/client:1034
[ 2246954ms] [ERROR] WebSocket connection to 'ws://localhost:3000/' failed: Error in connection establishment: net::ERR_CONNECTION_REFUSED @ http://localhost:3000/@vite/client:1034
[ 2255198ms] [ERROR] WebSocket connection to 'ws://localhost:3000/' failed: Error in connection establishment: net::ERR_CONNECTION_REFUSED @ http://localhost:3000/@vite/client:1034
[ 2262333ms] [ERROR] WebSocket connection to 'ws://localhost:3000/' failed: Error in connection establishment: net::ERR_CONNECTION_REFUSED @ http://localhost:3000/@vite/client:1034
[ 2270190ms] [ERROR] WebSocket connection to 'ws://localhost:3000/' failed: Error in connection establishment: net::ERR_CONNECTION_REFUSED @ http://localhost:3000/@vite/client:1034
[ 2276126ms] [ERROR] WebSocket connection to 'ws://localhost:3000/' failed: Error in connection establishment: net::ERR_CONNECTION_REFUSED @ http://localhost:3000/@vite/client:1034
[ 2282101ms] [ERROR] WebSocket connection to 'ws://localhost:3000/' failed: Error in connection establishment: net::ERR_CONNECTION_REFUSED @ http://localhost:3000/@vite/client:1034
[ 2285455ms] [ERROR] WebSocket connection to 'ws://localhost:3000/' failed: Error in connection establishment: net::ERR_CONNECTION_REFUSED @ http://localhost:3000/@vite/client:1034
[ 2288804ms] [ERROR] WebSocket connection to 'ws://localhost:3000/' failed: Error in connection establishment: net::ERR_CONNECTION_REFUSED @ http://localhost:3000/@vite/client:1034
[ 2292174ms] [ERROR] WebSocket connection to 'ws://localhost:3000/' failed: Error in connection establishment: net::ERR_CONNECTION_REFUSED @ http://localhost:3000/@vite/client:1034
[ 2295499ms] [ERROR] WebSocket connection to 'ws://localhost:3000/' failed: Error in connection establishment: net::ERR_CONNECTION_REFUSED @ http://localhost:3000/@vite/client:1034
[ 2298862ms] [ERROR] WebSocket connection to 'ws://localhost:3000/' failed: Error in connection establishment: net::ERR_CONNECTION_REFUSED @ http://localhost:3000/@vite/client:1034
[ 2302239ms] [ERROR] WebSocket connection to 'ws://localhost:3000/' failed: Error in connection establishment: net::ERR_CONNECTION_REFUSED @ http://localhost:3000/@vite/client:1034
[ 2305628ms] [ERROR] WebSocket connection to 'ws://localhost:3000/' failed: Error in connection establishment: net::ERR_CONNECTION_REFUSED @ http://localhost:3000/@vite/client:1034
[ 2309001ms] [ERROR] WebSocket connection to 'ws://localhost:3000/' failed: Error in connection establishment: net::ERR_CONNECTION_REFUSED @ http://localhost:3000/@vite/client:1034
[ 2312394ms] [ERROR] WebSocket connection to 'ws://localhost:3000/' failed: Error in connection establishment: net::ERR_CONNECTION_REFUSED @ http://localhost:3000/@vite/client:1034
[ 2315801ms] [ERROR] WebSocket connection to 'ws://localhost:3000/' failed: Error in connection establishment: net::ERR_CONNECTION_REFUSED @ http://localhost:3000/@vite/client:1034
[ 2319238ms] [ERROR] WebSocket connection to 'ws://localhost:3000/' failed: Error in connection establishment: net::ERR_CONNECTION_REFUSED @ http://localhost:3000/@vite/client:1034
[ 2322730ms] [ERROR] WebSocket connection to 'ws://localhost:3000/' failed: Error in connection establishment: net::ERR_CONNECTION_REFUSED @ http://localhost:3000/@vite/client:1034
[ 2326299ms] [ERROR] WebSocket connection to 'ws://localhost:3000/' failed: Error in connection establishment: net::ERR_CONNECTION_REFUSED @ http://localhost:3000/@vite/client:1034
[ 2330208ms] [ERROR] WebSocket connection to 'ws://localhost:3000/' failed: Error in connection establishment: net::ERR_CONNECTION_REFUSED @ http://localhost:3000/@vite/client:1034
[ 2333973ms] [ERROR] WebSocket connection to 'ws://localhost:3000/' failed: Error in connection establishment: net::ERR_CONNECTION_REFUSED @ http://localhost:3000/@vite/client:1034
[ 2338285ms] [ERROR] WebSocket connection to 'ws://localhost:3000/' failed: Error in connection establishment: net::ERR_CONNECTION_REFUSED @ http://localhost:3000/@vite/client:1034
[ 2345225ms] [ERROR] WebSocket connection to 'ws://localhost:3000/' failed: Error in connection establishment: net::ERR_CONNECTION_REFUSED @ http://localhost:3000/@vite/client:1034
[ 2350177ms] [ERROR] WebSocket connection to 'ws://localhost:3000/' failed: Error in connection establishment: net::ERR_CONNECTION_REFUSED @ http://localhost:3000/@vite/client:1034
[ 2354645ms] [ERROR] WebSocket connection to 'ws://localhost:3000/' failed: Error in connection establishment: net::ERR_CONNECTION_REFUSED @ http://localhost:3000/@vite/client:1034
[ 2361914ms] [ERROR] WebSocket connection to 'ws://localhost:3000/' failed: Error in connection establishment: net::ERR_CONNECTION_REFUSED @ http://localhost:3000/@vite/client:1034
[ 2368118ms] [ERROR] WebSocket connection to 'ws://localhost:3000/' failed: Error in connection establishment: net::ERR_CONNECTION_REFUSED @ http://localhost:3000/@vite/client:1034
[ 2375362ms] [ERROR] WebSocket connection to 'ws://localhost:3000/' failed: Error in connection establishment: net::ERR_CONNECTION_REFUSED @ http://localhost:3000/@vite/client:1034
[ 2381315ms] [ERROR] WebSocket connection to 'ws://localhost:3000/' failed: Error in connection establishment: net::ERR_CONNECTION_REFUSED @ http://localhost:3000/@vite/client:1034
[ 2388444ms] [ERROR] WebSocket connection to 'ws://localhost:3000/' failed: Error in connection establishment: net::ERR_CONNECTION_REFUSED @ http://localhost:3000/@vite/client:1034
[ 2392980ms] [ERROR] WebSocket connection to 'ws://localhost:3000/' failed: Error in connection establishment: net::ERR_CONNECTION_REFUSED @ http://localhost:3000/@vite/client:1034
[ 2399312ms] [ERROR] WebSocket connection to 'ws://localhost:3000/' failed: Error in connection establishment: net::ERR_CONNECTION_REFUSED @ http://localhost:3000/@vite/client:1034
[ 2405582ms] [ERROR] WebSocket connection to 'ws://localhost:3000/' failed: Error in connection establishment: net::ERR_CONNECTION_REFUSED @ http://localhost:3000/@vite/client:1034
[ 2413207ms] [ERROR] WebSocket connection to 'ws://localhost:3000/' failed: Error in connection establishment: net::ERR_CONNECTION_REFUSED @ http://localhost:3000/@vite/client:1034
[ 2419686ms] [ERROR] WebSocket connection to 'ws://localhost:3000/' failed: Error in connection establishment: net::ERR_CONNECTION_REFUSED @ http://localhost:3000/@vite/client:1034
[ 2425327ms] [ERROR] WebSocket connection to 'ws://localhost:3000/' failed: Error in connection establishment: net::ERR_CONNECTION_REFUSED @ http://localhost:3000/@vite/client:1034
[ 2429948ms] [ERROR] WebSocket connection to 'ws://localhost:3000/' failed: Error in connection establishment: net::ERR_CONNECTION_REFUSED @ http://localhost:3000/@vite/client:1034
[ 2436330ms] [ERROR] WebSocket connection to 'ws://localhost:3000/' failed: Error in connection establishment: net::ERR_CONNECTION_REFUSED @ http://localhost:3000/@vite/client:1034
[ 2441568ms] [ERROR] WebSocket connection to 'ws://localhost:3000/' failed: Error in connection establishment: net::ERR_CONNECTION_REFUSED @ http://localhost:3000/@vite/client:1034
[ 2449555ms] [ERROR] WebSocket connection to 'ws://localhost:3000/' failed: Error in connection establishment: net::ERR_CONNECTION_REFUSED @ http://localhost:3000/@vite/client:1034
[ 2456619ms] [ERROR] WebSocket connection to 'ws://localhost:3000/' failed: Error in connection establishment: net::ERR_CONNECTION_REFUSED @ http://localhost:3000/@vite/client:1034
[ 2462627ms] [ERROR] WebSocket connection to 'ws://localhost:3000/' failed: Error in connection establishment: net::ERR_CONNECTION_REFUSED @ http://localhost:3000/@vite/client:1034
[ 2467771ms] [ERROR] WebSocket connection to 'ws://localhost:3000/' failed: Error in connection establishment: net::ERR_CONNECTION_REFUSED @ http://localhost:3000/@vite/client:1034
[ 2476030ms] [ERROR] WebSocket connection to 'ws://localhost:3000/' failed: Error in connection establishment: net::ERR_CONNECTION_REFUSED @ http://localhost:3000/@vite/client:1034
[ 2481444ms] [ERROR] WebSocket connection to 'ws://localhost:3000/' failed: Error in connection establishment: net::ERR_CONNECTION_REFUSED @ http://localhost:3000/@vite/client:1034
[ 2489474ms] [ERROR] WebSocket connection to 'ws://localhost:3000/' failed: Error in connection establishment: net::ERR_CONNECTION_REFUSED @ http://localhost:3000/@vite/client:1034
[ 2497286ms] [ERROR] WebSocket connection to 'ws://localhost:3000/' failed: Error in connection establishment: net::ERR_CONNECTION_REFUSED @ http://localhost:3000/@vite/client:1034
[ 2503471ms] [ERROR] WebSocket connection to 'ws://localhost:3000/' failed: Error in connection establishment: net::ERR_CONNECTION_REFUSED @ http://localhost:3000/@vite/client:1034
[ 2509134ms] [ERROR] WebSocket connection to 'ws://localhost:3000/' failed: Error in connection establishment: net::ERR_CONNECTION_REFUSED @ http://localhost:3000/@vite/client:1034
[ 2517126ms] [ERROR] WebSocket connection to 'ws://localhost:3000/' failed: Error in connection establishment: net::ERR_CONNECTION_REFUSED @ http://localhost:3000/@vite/client:1034
[ 2525119ms] [ERROR] WebSocket connection to 'ws://localhost:3000/' failed: Error in connection establishment: net::ERR_CONNECTION_REFUSED @ http://localhost:3000/@vite/client:1034
[ 2531888ms] [ERROR] WebSocket connection to 'ws://localhost:3000/' failed: Error in connection establishment: net::ERR_CONNECTION_REFUSED @ http://localhost:3000/@vite/client:1034
[ 2539899ms] [ERROR] WebSocket connection to 'ws://localhost:3000/' failed: Error in connection establishment: net::ERR_CONNECTION_REFUSED @ http://localhost:3000/@vite/client:1034
[ 2546102ms] [ERROR] WebSocket connection to 'ws://localhost:3000/' failed: Error in connection establishment: net::ERR_CONNECTION_REFUSED @ http://localhost:3000/@vite/client:1034
[ 2552787ms] [ERROR] WebSocket connection to 'ws://localhost:3000/' failed: Error in connection establishment: net::ERR_CONNECTION_REFUSED @ http://localhost:3000/@vite/client:1034
[ 2560203ms] [ERROR] WebSocket connection to 'ws://localhost:3000/' failed: Error in connection establishment: net::ERR_CONNECTION_REFUSED @ http://localhost:3000/@vite/client:1034
[ 2568176ms] [ERROR] WebSocket connection to 'ws://localhost:3000/' failed: Error in connection establishment: net::ERR_CONNECTION_REFUSED @ http://localhost:3000/@vite/client:1034
[ 2573880ms] [ERROR] WebSocket connection to 'ws://localhost:3000/' failed: Error in connection establishment: net::ERR_CONNECTION_REFUSED @ http://localhost:3000/@vite/client:1034
[ 2579819ms] [ERROR] WebSocket connection to 'ws://localhost:3000/' failed: Error in connection establishment: net::ERR_CONNECTION_REFUSED @ http://localhost:3000/@vite/client:1034
[ 2585716ms] [ERROR] WebSocket connection to 'ws://localhost:3000/' failed: Error in connection establishment: net::ERR_CONNECTION_REFUSED @ http://localhost:3000/@vite/client:1034
[ 2591076ms] [ERROR] WebSocket connection to 'ws://localhost:3000/' failed: Error in connection establishment: net::ERR_CONNECTION_REFUSED @ http://localhost:3000/@vite/client:1034
[ 2596348ms] [ERROR] WebSocket connection to 'ws://localhost:3000/' failed: Error in connection establishment: net::ERR_CONNECTION_REFUSED @ http://localhost:3000/@vite/client:1034
[ 2602080ms] [ERROR] WebSocket connection to 'ws://localhost:3000/' failed: Error in connection establishment: net::ERR_CONNECTION_REFUSED @ http://localhost:3000/@vite/client:1034
[ 2607599ms] [ERROR] WebSocket connection to 'ws://localhost:3000/' failed: Error in connection establishment: net::ERR_CONNECTION_REFUSED @ http://localhost:3000/@vite/client:1034
[ 2614146ms] [ERROR] WebSocket connection to 'ws://localhost:3000/' failed: Error in connection establishment: net::ERR_CONNECTION_REFUSED @ http://localhost:3000/@vite/client:1034
[ 2620652ms] [ERROR] WebSocket connection to 'ws://localhost:3000/' failed: Error in connection establishment: net::ERR_CONNECTION_REFUSED @ http://localhost:3000/@vite/client:1034
[ 2626763ms] [ERROR] WebSocket connection to 'ws://localhost:3000/' failed: Error in connection establishment: net::ERR_CONNECTION_REFUSED @ http://localhost:3000/@vite/client:1034
[ 2633187ms] [ERROR] WebSocket connection to 'ws://localhost:3000/' failed: Error in connection establishment: net::ERR_CONNECTION_REFUSED @ http://localhost:3000/@vite/client:1034
[ 2638673ms] [ERROR] WebSocket connection to 'ws://localhost:3000/' failed: Error in connection establishment: net::ERR_CONNECTION_REFUSED @ http://localhost:3000/@vite/client:1034
[ 2645693ms] [ERROR] WebSocket connection to 'ws://localhost:3000/' failed: Error in connection establishment: net::ERR_CONNECTION_REFUSED @ http://localhost:3000/@vite/client:1034
[ 2651642ms] [ERROR] WebSocket connection to 'ws://localhost:3000/' failed: Error in connection establishment: net::ERR_CONNECTION_REFUSED @ http://localhost:3000/@vite/client:1034
[ 2656529ms] [ERROR] WebSocket connection to 'ws://localhost:3000/' failed: Error in connection establishment: net::ERR_CONNECTION_REFUSED @ http://localhost:3000/@vite/client:1034
[ 2661192ms] [ERROR] WebSocket connection to 'ws://localhost:3000/' failed: Error in connection establishment: net::ERR_CONNECTION_REFUSED @ http://localhost:3000/@vite/client:1034
[ 2665818ms] [ERROR] WebSocket connection to 'ws://localhost:3000/' failed: Error in connection establishment: net::ERR_CONNECTION_REFUSED @ http://localhost:3000/@vite/client:1034
[ 2671956ms] [ERROR] WebSocket connection to 'ws://localhost:3000/' failed: Error in connection establishment: net::ERR_CONNECTION_REFUSED @ http://localhost:3000/@vite/client:1034
[ 2676845ms] [ERROR] WebSocket connection to 'ws://localhost:3000/' failed: Error in connection establishment: net::ERR_CONNECTION_REFUSED @ http://localhost:3000/@vite/client:1034
[ 2681970ms] [ERROR] WebSocket connection to 'ws://localhost:3000/' failed: Error in connection establishment: net::ERR_CONNECTION_REFUSED @ http://localhost:3000/@vite/client:1034
[ 2688879ms] [ERROR] WebSocket connection to 'ws://localhost:3000/' failed: Error in connection establishment: net::ERR_CONNECTION_REFUSED @ http://localhost:3000/@vite/client:1034
[ 2694950ms] [ERROR] WebSocket connection to 'ws://localhost:3000/' failed: Error in connection establishment: net::ERR_CONNECTION_REFUSED @ http://localhost:3000/@vite/client:1034
[ 2700112ms] [ERROR] WebSocket connection to 'ws://localhost:3000/' failed: Error in connection establishment: net::ERR_CONNECTION_REFUSED @ http://localhost:3000/@vite/client:1034
[ 2707849ms] [ERROR] WebSocket connection to 'ws://localhost:3000/' failed: Error in connection establishment: net::ERR_CONNECTION_REFUSED @ http://localhost:3000/@vite/client:1034
[ 2714796ms] [ERROR] WebSocket connection to 'ws://localhost:3000/' failed: Error in connection establishment: net::ERR_CONNECTION_REFUSED @ http://localhost:3000/@vite/client:1034
[ 2719910ms] [ERROR] WebSocket connection to 'ws://localhost:3000/' failed: Error in connection establishment: net::ERR_CONNECTION_REFUSED @ http://localhost:3000/@vite/client:1034
[ 2724676ms] [ERROR] WebSocket connection to 'ws://localhost:3000/' failed: Error in connection establishment: net::ERR_CONNECTION_REFUSED @ http://localhost:3000/@vite/client:1034
[ 2729158ms] [ERROR] WebSocket connection to 'ws://localhost:3000/' failed: Error in connection establishment: net::ERR_CONNECTION_REFUSED @ http://localhost:3000/@vite/client:1034
[ 2736350ms] [ERROR] WebSocket connection to 'ws://localhost:3000/' failed: Error in connection establishment: net::ERR_CONNECTION_REFUSED @ http://localhost:3000/@vite/client:1034
[ 2743260ms] [ERROR] WebSocket connection to 'ws://localhost:3000/' failed: Error in connection establishment: net::ERR_CONNECTION_REFUSED @ http://localhost:3000/@vite/client:1034
[ 2748489ms] [ERROR] WebSocket connection to 'ws://localhost:3000/' failed: Error in connection establishment: net::ERR_CONNECTION_REFUSED @ http://localhost:3000/@vite/client:1034
[ 2756686ms] [ERROR] WebSocket connection to 'ws://localhost:3000/' failed: Error in connection establishment: net::ERR_CONNECTION_REFUSED @ http://localhost:3000/@vite/client:1034
[ 2762354ms] [ERROR] WebSocket connection to 'ws://localhost:3000/' failed: Error in connection establishment: net::ERR_CONNECTION_REFUSED @ http://localhost:3000/@vite/client:1034
[ 2765701ms] [ERROR] WebSocket connection to 'ws://localhost:3000/' failed: Error in connection establishment: net::ERR_CONNECTION_REFUSED @ http://localhost:3000/@vite/client:1034
[ 2769061ms] [ERROR] WebSocket connection to 'ws://localhost:3000/' failed: Error in connection establishment: net::ERR_CONNECTION_REFUSED @ http://localhost:3000/@vite/client:1034
[ 2772415ms] [ERROR] WebSocket connection to 'ws://localhost:3000/' failed: Error in connection establishment: net::ERR_CONNECTION_REFUSED @ http://localhost:3000/@vite/client:1034
[ 2775753ms] [ERROR] WebSocket connection to 'ws://localhost:3000/' failed: Error in connection establishment: net::ERR_CONNECTION_REFUSED @ http://localhost:3000/@vite/client:1034
[ 2779098ms] [ERROR] WebSocket connection to 'ws://localhost:3000/' failed: Error in connection establishment: net::ERR_CONNECTION_REFUSED @ http://localhost:3000/@vite/client:1034
[ 2782440ms] [ERROR] WebSocket connection to 'ws://localhost:3000/' failed: Error in connection establishment: net::ERR_CONNECTION_REFUSED @ http://localhost:3000/@vite/client:1034
[ 2785787ms] [ERROR] WebSocket connection to 'ws://localhost:3000/' failed: Error in connection establishment: net::ERR_CONNECTION_REFUSED @ http://localhost:3000/@vite/client:1034
[ 2789154ms] [ERROR] WebSocket connection to 'ws://localhost:3000/' failed: Error in connection establishment: net::ERR_CONNECTION_REFUSED @ http://localhost:3000/@vite/client:1034
[ 2792523ms] [ERROR] WebSocket connection to 'ws://localhost:3000/' failed: Error in connection establishment: net::ERR_CONNECTION_REFUSED @ http://localhost:3000/@vite/client:1034
[ 2795889ms] [ERROR] WebSocket connection to 'ws://localhost:3000/' failed: Error in connection establishment: net::ERR_CONNECTION_REFUSED @ http://localhost:3000/@vite/client:1034
[ 2799265ms] [ERROR] WebSocket connection to 'ws://localhost:3000/' failed: Error in connection establishment: net::ERR_CONNECTION_REFUSED @ http://localhost:3000/@vite/client:1034
[ 2802747ms] [ERROR] WebSocket connection to 'ws://localhost:3000/' failed: Error in connection establishment: net::ERR_CONNECTION_REFUSED @ http://localhost:3000/@vite/client:1034
[ 2806397ms] [ERROR] WebSocket connection to 'ws://localhost:3000/' failed: Error in connection establishment: net::ERR_CONNECTION_REFUSED @ http://localhost:3000/@vite/client:1034
[ 2809928ms] [ERROR] WebSocket connection to 'ws://localhost:3000/' failed: Error in connection establishment: net::ERR_CONNECTION_REFUSED @ http://localhost:3000/@vite/client:1034
[ 2813971ms] [ERROR] WebSocket connection to 'ws://localhost:3000/' failed: Error in connection establishment: net::ERR_CONNECTION_REFUSED @ http://localhost:3000/@vite/client:1034
[ 2818004ms] [ERROR] WebSocket connection to 'ws://localhost:3000/' failed: Error in connection establishment: net::ERR_CONNECTION_REFUSED @ http://localhost:3000/@vite/client:1034
[ 2822849ms] [ERROR] WebSocket connection to 'ws://localhost:3000/' failed: Error in connection establishment: net::ERR_CONNECTION_REFUSED @ http://localhost:3000/@vite/client:1034
[ 2829044ms] [ERROR] WebSocket connection to 'ws://localhost:3000/' failed: Error in connection establishment: net::ERR_CONNECTION_REFUSED @ http://localhost:3000/@vite/client:1034
[ 2836174ms] [ERROR] WebSocket connection to 'ws://localhost:3000/' failed: Error in connection establishment: net::ERR_CONNECTION_REFUSED @ http://localhost:3000/@vite/client:1034
[ 2841068ms] [ERROR] WebSocket connection to 'ws://localhost:3000/' failed: Error in connection establishment: net::ERR_CONNECTION_REFUSED @ http://localhost:3000/@vite/client:1034
[ 2846329ms] [ERROR] WebSocket connection to 'ws://localhost:3000/' failed: Error in connection establishment: net::ERR_CONNECTION_REFUSED @ http://localhost:3000/@vite/client:1034
[ 2851197ms] [ERROR] WebSocket connection to 'ws://localhost:3000/' failed: Error in connection establishment: net::ERR_CONNECTION_REFUSED @ http://localhost:3000/@vite/client:1034
[ 2856911ms] [ERROR] WebSocket connection to 'ws://localhost:3000/' failed: Error in connection establishment: net::ERR_CONNECTION_REFUSED @ http://localhost:3000/@vite/client:1034
[ 2862709ms] [ERROR] WebSocket connection to 'ws://localhost:3000/' failed: Error in connection establishment: net::ERR_CONNECTION_REFUSED @ http://localhost:3000/@vite/client:1034
[ 2868020ms] [ERROR] WebSocket connection to 'ws://localhost:3000/' failed: Error in connection establishment: net::ERR_CONNECTION_REFUSED @ http://localhost:3000/@vite/client:1034
[ 2875207ms] [ERROR] WebSocket connection to 'ws://localhost:3000/' failed: Error in connection establishment: net::ERR_CONNECTION_REFUSED @ http://localhost:3000/@vite/client:1034
[ 2881833ms] [ERROR] WebSocket connection to 'ws://localhost:3000/' failed: Error in connection establishment: net::ERR_CONNECTION_REFUSED @ http://localhost:3000/@vite/client:1034
[ 2886915ms] [ERROR] WebSocket connection to 'ws://localhost:3000/' failed: Error in connection establishment: net::ERR_CONNECTION_REFUSED @ http://localhost:3000/@vite/client:1034
[ 2892205ms] [ERROR] WebSocket connection to 'ws://localhost:3000/' failed: Error in connection establishment: net::ERR_CONNECTION_REFUSED @ http://localhost:3000/@vite/client:1034
[ 2899660ms] [ERROR] WebSocket connection to 'ws://localhost:3000/' failed: Error in connection establishment: net::ERR_CONNECTION_REFUSED @ http://localhost:3000/@vite/client:1034
[ 2904140ms] [ERROR] WebSocket connection to 'ws://localhost:3000/' failed: Error in connection establishment: net::ERR_CONNECTION_REFUSED @ http://localhost:3000/@vite/client:1034
[ 2909622ms] [ERROR] WebSocket connection to 'ws://localhost:3000/' failed: Error in connection establishment: net::ERR_CONNECTION_REFUSED @ http://localhost:3000/@vite/client:1034
[ 2916180ms] [ERROR] WebSocket connection to 'ws://localhost:3000/' failed: Error in connection establishment: net::ERR_CONNECTION_REFUSED @ http://localhost:3000/@vite/client:1034
[ 2920955ms] [ERROR] WebSocket connection to 'ws://localhost:3000/' failed: Error in connection establishment: net::ERR_CONNECTION_REFUSED @ http://localhost:3000/@vite/client:1034
[ 2926335ms] [ERROR] WebSocket connection to 'ws://localhost:3000/' failed: Error in connection establishment: net::ERR_CONNECTION_REFUSED @ http://localhost:3000/@vite/client:1034
[ 2931202ms] [ERROR] WebSocket connection to 'ws://localhost:3000/' failed: Error in connection establishment: net::ERR_CONNECTION_REFUSED @ http://localhost:3000/@vite/client:1034
[ 2938237ms] [ERROR] WebSocket connection to 'ws://localhost:3000/' failed: Error in connection establishment: net::ERR_CONNECTION_REFUSED @ http://localhost:3000/@vite/client:1034
[ 2944077ms] [ERROR] WebSocket connection to 'ws://localhost:3000/' failed: Error in connection establishment: net::ERR_CONNECTION_REFUSED @ http://localhost:3000/@vite/client:1034
[ 2951209ms] [ERROR] WebSocket connection to 'ws://localhost:3000/' failed: Error in connection establishment: net::ERR_CONNECTION_REFUSED @ http://localhost:3000/@vite/client:1034
[ 2958977ms] [ERROR] WebSocket connection to 'ws://localhost:3000/' failed: Error in connection establishment: net::ERR_CONNECTION_REFUSED @ http://localhost:3000/@vite/client:1034
[ 2964103ms] [ERROR] WebSocket connection to 'ws://localhost:3000/' failed: Error in connection establishment: net::ERR_CONNECTION_REFUSED @ http://localhost:3000/@vite/client:1034
[ 2971136ms] [ERROR] WebSocket connection to 'ws://localhost:3000/' failed: Error in connection establishment: net::ERR_CONNECTION_REFUSED @ http://localhost:3000/@vite/client:1034
[ 2977660ms] [ERROR] WebSocket connection to 'ws://localhost:3000/' failed: Error in connection establishment: net::ERR_CONNECTION_REFUSED @ http://localhost:3000/@vite/client:1034
[ 2982121ms] [ERROR] WebSocket connection to 'ws://localhost:3000/' failed: Error in connection establishment: net::ERR_CONNECTION_REFUSED @ http://localhost:3000/@vite/client:1034
[ 2986898ms] [ERROR] WebSocket connection to 'ws://localhost:3000/' failed: Error in connection establishment: net::ERR_CONNECTION_REFUSED @ http://localhost:3000/@vite/client:1034
[ 2992332ms] [ERROR] WebSocket connection to 'ws://localhost:3000/' failed: Error in connection establishment: net::ERR_CONNECTION_REFUSED @ http://localhost:3000/@vite/client:1034
[ 3000626ms] [ERROR] WebSocket connection to 'ws://localhost:3000/' failed: Error in connection establishment: net::ERR_CONNECTION_REFUSED @ http://localhost:3000/@vite/client:1034
[ 3006115ms] [ERROR] WebSocket connection to 'ws://localhost:3000/' failed: Error in connection establishment: net::ERR_CONNECTION_REFUSED @ http://localhost:3000/@vite/client:1034
[ 3011058ms] [ERROR] WebSocket connection to 'ws://localhost:3000/' failed: Error in connection establishment: net::ERR_CONNECTION_REFUSED @ http://localhost:3000/@vite/client:1034
[ 3017262ms] [ERROR] WebSocket connection to 'ws://localhost:3000/' failed: Error in connection establishment: net::ERR_CONNECTION_REFUSED @ http://localhost:3000/@vite/client:1034
[ 3024055ms] [ERROR] WebSocket connection to 'ws://localhost:3000/' failed: Error in connection establishment: net::ERR_CONNECTION_REFUSED @ http://localhost:3000/@vite/client:1034
[ 3028846ms] [ERROR] WebSocket connection to 'ws://localhost:3000/' failed: Error in connection establishment: net::ERR_CONNECTION_REFUSED @ http://localhost:3000/@vite/client:1034
[ 3037091ms] [ERROR] WebSocket connection to 'ws://localhost:3000/' failed: Error in connection establishment: net::ERR_CONNECTION_REFUSED @ http://localhost:3000/@vite/client:1034
[ 3044377ms] [ERROR] WebSocket connection to 'ws://localhost:3000/' failed: Error in connection establishment: net::ERR_CONNECTION_REFUSED @ http://localhost:3000/@vite/client:1034
[ 3049585ms] [ERROR] WebSocket connection to 'ws://localhost:3000/' failed: Error in connection establishment: net::ERR_CONNECTION_REFUSED @ http://localhost:3000/@vite/client:1034
[ 3055585ms] [ERROR] WebSocket connection to 'ws://localhost:3000/' failed: Error in connection establishment: net::ERR_CONNECTION_REFUSED @ http://localhost:3000/@vite/client:1034
[ 3061942ms] [ERROR] WebSocket connection to 'ws://localhost:3000/' failed: Error in connection establishment: net::ERR_CONNECTION_REFUSED @ http://localhost:3000/@vite/client:1034
[ 3068293ms] [ERROR] WebSocket connection to 'ws://localhost:3000/' failed: Error in connection establishment: net::ERR_CONNECTION_REFUSED @ http://localhost:3000/@vite/client:1034
[ 3076426ms] [ERROR] WebSocket connection to 'ws://localhost:3000/' failed: Error in connection establishment: net::ERR_CONNECTION_REFUSED @ http://localhost:3000/@vite/client:1034
[ 3083408ms] [ERROR] WebSocket connection to 'ws://localhost:3000/' failed: Error in connection establishment: net::ERR_CONNECTION_REFUSED @ http://localhost:3000/@vite/client:1034
[ 3090472ms] [ERROR] WebSocket connection to 'ws://localhost:3000/' failed: Error in connection establishment: net::ERR_CONNECTION_REFUSED @ http://localhost:3000/@vite/client:1034
[ 3098232ms] [ERROR] WebSocket connection to 'ws://localhost:3000/' failed: Error in connection establishment: net::ERR_CONNECTION_REFUSED @ http://localhost:3000/@vite/client:1034
[ 3104459ms] [ERROR] WebSocket connection to 'ws://localhost:3000/' failed: Error in connection establishment: net::ERR_CONNECTION_REFUSED @ http://localhost:3000/@vite/client:1034
[ 3111529ms] [ERROR] WebSocket connection to 'ws://localhost:3000/' failed: Error in connection establishment: net::ERR_CONNECTION_REFUSED @ http://localhost:3000/@vite/client:1034
[ 3117567ms] [ERROR] WebSocket connection to 'ws://localhost:3000/' failed: Error in connection establishment: net::ERR_CONNECTION_REFUSED @ http://localhost:3000/@vite/client:1034
[ 3122564ms] [ERROR] WebSocket connection to 'ws://localhost:3000/' failed: Error in connection establishment: net::ERR_CONNECTION_REFUSED @ http://localhost:3000/@vite/client:1034
[ 3125916ms] [ERROR] WebSocket connection to 'ws://localhost:3000/' failed: Error in connection establishment: net::ERR_CONNECTION_REFUSED @ http://localhost:3000/@vite/client:1034
[ 3129272ms] [ERROR] WebSocket connection to 'ws://localhost:3000/' failed: Error in connection establishment: net::ERR_CONNECTION_REFUSED @ http://localhost:3000/@vite/client:1034
[ 3132617ms] [ERROR] WebSocket connection to 'ws://localhost:3000/' failed: Error in connection establishment: net::ERR_CONNECTION_REFUSED @ http://localhost:3000/@vite/client:1034
[ 3135948ms] [ERROR] WebSocket connection to 'ws://localhost:3000/' failed: Error in connection establishment: net::ERR_CONNECTION_REFUSED @ http://localhost:3000/@vite/client:1034
[ 3139298ms] [ERROR] WebSocket connection to 'ws://localhost:3000/' failed: Error in connection establishment: net::ERR_CONNECTION_REFUSED @ http://localhost:3000/@vite/client:1034
[ 3142625ms] [ERROR] WebSocket connection to 'ws://localhost:3000/' failed: Error in connection establishment: net::ERR_CONNECTION_REFUSED @ http://localhost:3000/@vite/client:1034
[ 3145989ms] [ERROR] WebSocket connection to 'ws://localhost:3000/' failed: Error in connection establishment: net::ERR_CONNECTION_REFUSED @ http://localhost:3000/@vite/client:1034
[ 3149336ms] [ERROR] WebSocket connection to 'ws://localhost:3000/' failed: Error in connection establishment: net::ERR_CONNECTION_REFUSED @ http://localhost:3000/@vite/client:1034
[ 3152725ms] [ERROR] WebSocket connection to 'ws://localhost:3000/' failed: Error in connection establishment: net::ERR_CONNECTION_REFUSED @ http://localhost:3000/@vite/client:1034
[ 3156115ms] [ERROR] WebSocket connection to 'ws://localhost:3000/' failed: Error in connection establishment: net::ERR_CONNECTION_REFUSED @ http://localhost:3000/@vite/client:1034
[ 3159534ms] [ERROR] WebSocket connection to 'ws://localhost:3000/' failed: Error in connection establishment: net::ERR_CONNECTION_REFUSED @ http://localhost:3000/@vite/client:1034
[ 3163065ms] [ERROR] WebSocket connection to 'ws://localhost:3000/' failed: Error in connection establishment: net::ERR_CONNECTION_REFUSED @ http://localhost:3000/@vite/client:1034
[ 3166487ms] [ERROR] WebSocket connection to 'ws://localhost:3000/' failed: Error in connection establishment: net::ERR_CONNECTION_REFUSED @ http://localhost:3000/@vite/client:1034
[ 3170309ms] [ERROR] WebSocket connection to 'ws://localhost:3000/' failed: Error in connection establishment: net::ERR_CONNECTION_REFUSED @ http://localhost:3000/@vite/client:1034
[ 3174875ms] [ERROR] WebSocket connection to 'ws://localhost:3000/' failed: Error in connection establishment: net::ERR_CONNECTION_REFUSED @ http://localhost:3000/@vite/client:1034
[ 3179959ms] [ERROR] WebSocket connection to 'ws://localhost:3000/' failed: Error in connection establishment: net::ERR_CONNECTION_REFUSED @ http://localhost:3000/@vite/client:1034
[ 3184474ms] [ERROR] WebSocket connection to 'ws://localhost:3000/' failed: Error in connection establishment: net::ERR_CONNECTION_REFUSED @ http://localhost:3000/@vite/client:1034
[ 3192832ms] [ERROR] WebSocket connection to 'ws://localhost:3000/' failed: Error in connection establishment: net::ERR_CONNECTION_REFUSED @ http://localhost:3000/@vite/client:1034
[ 3198475ms] [ERROR] WebSocket connection to 'ws://localhost:3000/' failed: Error in connection establishment: net::ERR_CONNECTION_REFUSED @ http://localhost:3000/@vite/client:1034
[ 3205145ms] [ERROR] WebSocket connection to 'ws://localhost:3000/' failed: Error in connection establishment: net::ERR_CONNECTION_REFUSED @ http://localhost:3000/@vite/client:1034
[ 3212499ms] [ERROR] WebSocket connection to 'ws://localhost:3000/' failed: Error in connection establishment: net::ERR_CONNECTION_REFUSED @ http://localhost:3000/@vite/client:1034
[ 3220143ms] [ERROR] WebSocket connection to 'ws://localhost:3000/' failed: Error in connection establishment: net::ERR_CONNECTION_REFUSED @ http://localhost:3000/@vite/client:1034
[ 3226126ms] [ERROR] WebSocket connection to 'ws://localhost:3000/' failed: Error in connection establishment: net::ERR_CONNECTION_REFUSED @ http://localhost:3000/@vite/client:1034
[ 3231195ms] [ERROR] WebSocket connection to 'ws://localhost:3000/' failed: Error in connection establishment: net::ERR_CONNECTION_REFUSED @ http://localhost:3000/@vite/client:1034
[ 3236819ms] [ERROR] WebSocket connection to 'ws://localhost:3000/' failed: Error in connection establishment: net::ERR_CONNECTION_REFUSED @ http://localhost:3000/@vite/client:1034
[ 3242050ms] [ERROR] WebSocket connection to 'ws://localhost:3000/' failed: Error in connection establishment: net::ERR_CONNECTION_REFUSED @ http://localhost:3000/@vite/client:1034
[ 3249411ms] [ERROR] WebSocket connection to 'ws://localhost:3000/' failed: Error in connection establishment: net::ERR_CONNECTION_REFUSED @ http://localhost:3000/@vite/client:1034
[ 3257550ms] [ERROR] WebSocket connection to 'ws://localhost:3000/' failed: Error in connection establishment: net::ERR_CONNECTION_REFUSED @ http://localhost:3000/@vite/client:1034
[ 3265708ms] [ERROR] WebSocket connection to 'ws://localhost:3000/' failed: Error in connection establishment: net::ERR_CONNECTION_REFUSED @ http://localhost:3000/@vite/client:1034
[ 3270483ms] [ERROR] WebSocket connection to 'ws://localhost:3000/' failed: Error in connection establishment: net::ERR_CONNECTION_REFUSED @ http://localhost:3000/@vite/client:1034
[ 3274846ms] [ERROR] WebSocket connection to 'ws://localhost:3000/' failed: Error in connection establishment: net::ERR_CONNECTION_REFUSED @ http://localhost:3000/@vite/client:1034
[ 3279227ms] [ERROR] WebSocket connection to 'ws://localhost:3000/' failed: Error in connection establishment: net::ERR_CONNECTION_REFUSED @ http://localhost:3000/@vite/client:1034
[ 3286575ms] [ERROR] WebSocket connection to 'ws://localhost:3000/' failed: Error in connection establishment: net::ERR_CONNECTION_REFUSED @ http://localhost:3000/@vite/client:1034
[ 3294376ms] [ERROR] WebSocket connection to 'ws://localhost:3000/' failed: Error in connection establishment: net::ERR_CONNECTION_REFUSED @ http://localhost:3000/@vite/client:1034
[ 3301321ms] [ERROR] WebSocket connection to 'ws://localhost:3000/' failed: Error in connection establishment: net::ERR_CONNECTION_REFUSED @ http://localhost:3000/@vite/client:1034
[ 3306645ms] [ERROR] WebSocket connection to 'ws://localhost:3000/' failed: Error in connection establishment: net::ERR_CONNECTION_REFUSED @ http://localhost:3000/@vite/client:1034
[ 3312668ms] [ERROR] WebSocket connection to 'ws://localhost:3000/' failed: Error in connection establishment: net::ERR_CONNECTION_REFUSED @ http://localhost:3000/@vite/client:1034
[ 3319600ms] [ERROR] WebSocket connection to 'ws://localhost:3000/' failed: Error in connection establishment: net::ERR_CONNECTION_REFUSED @ http://localhost:3000/@vite/client:1034
[ 3327641ms] [ERROR] WebSocket connection to 'ws://localhost:3000/' failed: Error in connection establishment: net::ERR_CONNECTION_REFUSED @ http://localhost:3000/@vite/client:1034
[ 3335874ms] [ERROR] WebSocket connection to 'ws://localhost:3000/' failed: Error in connection establishment: net::ERR_CONNECTION_REFUSED @ http://localhost:3000/@vite/client:1034
[ 3340921ms] [ERROR] WebSocket connection to 'ws://localhost:3000/' failed: Error in connection establishment: net::ERR_CONNECTION_REFUSED @ http://localhost:3000/@vite/client:1034
[ 3348648ms] [ERROR] WebSocket connection to 'ws://localhost:3000/' failed: Error in connection establishment: net::ERR_CONNECTION_REFUSED @ http://localhost:3000/@vite/client:1034
[ 3354970ms] [ERROR] WebSocket connection to 'ws://localhost:3000/' failed: Error in connection establishment: net::ERR_CONNECTION_REFUSED @ http://localhost:3000/@vite/client:1034
[ 3361973ms] [ERROR] WebSocket connection to 'ws://localhost:3000/' failed: Error in connection establishment: net::ERR_CONNECTION_REFUSED @ http://localhost:3000/@vite/client:1034
[ 3369058ms] [ERROR] WebSocket connection to 'ws://localhost:3000/' failed: Error in connection establishment: net::ERR_CONNECTION_REFUSED @ http://localhost:3000/@vite/client:1034
[ 3373451ms] [ERROR] WebSocket connection to 'ws://localhost:3000/' failed: Error in connection establishment: net::ERR_CONNECTION_REFUSED @ http://localhost:3000/@vite/client:1034
[ 3377850ms] [ERROR] WebSocket connection to 'ws://localhost:3000/' failed: Error in connection establishment: net::ERR_CONNECTION_REFUSED @ http://localhost:3000/@vite/client:1034
[ 3384751ms] [ERROR] WebSocket connection to 'ws://localhost:3000/' failed: Error in connection establishment: net::ERR_CONNECTION_REFUSED @ http://localhost:3000/@vite/client:1034
[ 3389549ms] [ERROR] WebSocket connection to 'ws://localhost:3000/' failed: Error in connection establishment: net::ERR_CONNECTION_REFUSED @ http://localhost:3000/@vite/client:1034
[ 3394808ms] [ERROR] WebSocket connection to 'ws://localhost:3000/' failed: Error in connection establishment: net::ERR_CONNECTION_REFUSED @ http://localhost:3000/@vite/client:1034
[ 3400785ms] [ERROR] WebSocket connection to 'ws://localhost:3000/' failed: Error in connection establishment: net::ERR_CONNECTION_REFUSED @ http://localhost:3000/@vite/client:1034
[ 3408829ms] [ERROR] WebSocket connection to 'ws://localhost:3000/' failed: Error in connection establishment: net::ERR_CONNECTION_REFUSED @ http://localhost:3000/@vite/client:1034
[ 3415109ms] [ERROR] WebSocket connection to 'ws://localhost:3000/' failed: Error in connection establishment: net::ERR_CONNECTION_REFUSED @ http://localhost:3000/@vite/client:1034
[ 3420495ms] [ERROR] WebSocket connection to 'ws://localhost:3000/' failed: Error in connection establishment: net::ERR_CONNECTION_REFUSED @ http://localhost:3000/@vite/client:1034
[ 3426822ms] [ERROR] WebSocket connection to 'ws://localhost:3000/' failed: Error in connection establishment: net::ERR_CONNECTION_REFUSED @ http://localhost:3000/@vite/client:1034
[ 3433395ms] [ERROR] WebSocket connection to 'ws://localhost:3000/' failed: Error in connection establishment: net::ERR_CONNECTION_REFUSED @ http://localhost:3000/@vite/client:1034
[ 3439286ms] [ERROR] WebSocket connection to 'ws://localhost:3000/' failed: Error in connection establishment: net::ERR_CONNECTION_REFUSED @ http://localhost:3000/@vite/client:1034
[ 3444405ms] [ERROR] WebSocket connection to 'ws://localhost:3000/' failed: Error in connection establishment: net::ERR_CONNECTION_REFUSED @ http://localhost:3000/@vite/client:1034
[ 3452301ms] [ERROR] WebSocket connection to 'ws://localhost:3000/' failed: Error in connection establishment: net::ERR_CONNECTION_REFUSED @ http://localhost:3000/@vite/client:1034
[ 3458663ms] [ERROR] WebSocket connection to 'ws://localhost:3000/' failed: Error in connection establishment: net::ERR_CONNECTION_REFUSED @ http://localhost:3000/@vite/client:1034
[ 3464050ms] [ERROR] WebSocket connection to 'ws://localhost:3000/' failed: Error in connection establishment: net::ERR_CONNECTION_REFUSED @ http://localhost:3000/@vite/client:1034
[ 3470108ms] [ERROR] WebSocket connection to 'ws://localhost:3000/' failed: Error in connection establishment: net::ERR_CONNECTION_REFUSED @ http://localhost:3000/@vite/client:1034
[ 3474923ms] [ERROR] WebSocket connection to 'ws://localhost:3000/' failed: Error in connection establishment: net::ERR_CONNECTION_REFUSED @ http://localhost:3000/@vite/client:1034
[ 3482150ms] [ERROR] WebSocket connection to 'ws://localhost:3000/' failed: Error in connection establishment: net::ERR_CONNECTION_REFUSED @ http://localhost:3000/@vite/client:1034
[ 3490048ms] [ERROR] WebSocket connection to 'ws://localhost:3000/' failed: Error in connection establishment: net::ERR_CONNECTION_REFUSED @ http://localhost:3000/@vite/client:1034
[ 3495571ms] [ERROR] WebSocket connection to 'ws://localhost:3000/' failed: Error in connection establishment: net::ERR_CONNECTION_REFUSED @ http://localhost:3000/@vite/client:1034
[ 3501279ms] [ERROR] WebSocket connection to 'ws://localhost:3000/' failed: Error in connection establishment: net::ERR_CONNECTION_REFUSED @ http://localhost:3000/@vite/client:1034
[ 3506380ms] [ERROR] WebSocket connection to 'ws://localhost:3000/' failed: Error in connection establishment: net::ERR_CONNECTION_REFUSED @ http://localhost:3000/@vite/client:1034
[ 3513354ms] [ERROR] WebSocket connection to 'ws://localhost:3000/' failed: Error in connection establishment: net::ERR_CONNECTION_REFUSED @ http://localhost:3000/@vite/client:1034
[ 3517930ms] [ERROR] WebSocket connection to 'ws://localhost:3000/' failed: Error in connection establishment: net::ERR_CONNECTION_REFUSED @ http://localhost:3000/@vite/client:1034
[ 3524250ms] [ERROR] WebSocket connection to 'ws://localhost:3000/' failed: Error in connection establishment: net::ERR_CONNECTION_REFUSED @ http://localhost:3000/@vite/client:1034
[ 3532106ms] [ERROR] WebSocket connection to 'ws://localhost:3000/' failed: Error in connection establishment: net::ERR_CONNECTION_REFUSED @ http://localhost:3000/@vite/client:1034
[ 3540099ms] [ERROR] WebSocket connection to 'ws://localhost:3000/' failed: Error in connection establishment: net::ERR_CONNECTION_REFUSED @ http://localhost:3000/@vite/client:1034
[ 3548102ms] [ERROR] WebSocket connection to 'ws://localhost:3000/' failed: Error in connection establishment: net::ERR_CONNECTION_REFUSED @ http://localhost:3000/@vite/client:1034
[ 3553457ms] [ERROR] WebSocket connection to 'ws://localhost:3000/' failed: Error in connection establishment: net::ERR_CONNECTION_REFUSED @ http://localhost:3000/@vite/client:1034
[ 3561791ms] [ERROR] WebSocket connection to 'ws://localhost:3000/' failed: Error in connection establishment: net::ERR_CONNECTION_REFUSED @ http://localhost:3000/@vite/client:1034
[ 3568265ms] [ERROR] WebSocket connection to 'ws://localhost:3000/' failed: Error in connection establishment: net::ERR_CONNECTION_REFUSED @ http://localhost:3000/@vite/client:1034
[ 3575640ms] [ERROR] WebSocket connection to 'ws://localhost:3000/' failed: Error in connection establishment: net::ERR_CONNECTION_REFUSED @ http://localhost:3000/@vite/client:1034
[ 3580678ms] [ERROR] WebSocket connection to 'ws://localhost:3000/' failed: Error in connection establishment: net::ERR_CONNECTION_REFUSED @ http://localhost:3000/@vite/client:1034
[ 3586104ms] [ERROR] WebSocket connection to 'ws://localhost:3000/' failed: Error in connection establishment: net::ERR_CONNECTION_REFUSED @ http://localhost:3000/@vite/client:1034
[ 3593059ms] [ERROR] WebSocket connection to 'ws://localhost:3000/' failed: Error in connection establishment: net::ERR_CONNECTION_REFUSED @ http://localhost:3000/@vite/client:1034
[ 3598065ms] [ERROR] WebSocket connection to 'ws://localhost:3000/' failed: Error in connection establishment: net::ERR_CONNECTION_REFUSED @ http://localhost:3000/@vite/client:1034
[ 3604676ms] [ERROR] WebSocket connection to 'ws://localhost:3000/' failed: Error in connection establishment: net::ERR_CONNECTION_REFUSED @ http://localhost:3000/@vite/client:1034
[ 3609177ms] [ERROR] WebSocket connection to 'ws://localhost:3000/' failed: Error in connection establishment: net::ERR_CONNECTION_REFUSED @ http://localhost:3000/@vite/client:1034
[ 3615431ms] [ERROR] WebSocket connection to 'ws://localhost:3000/' failed: Error in connection establishment: net::ERR_CONNECTION_REFUSED @ http://localhost:3000/@vite/client:1034
[ 3620999ms] [ERROR] WebSocket connection to 'ws://localhost:3000/' failed: Error in connection establishment: net::ERR_CONNECTION_REFUSED @ http://localhost:3000/@vite/client:1034
[ 3625453ms] [ERROR] WebSocket connection to 'ws://localhost:3000/' failed: Error in connection establishment: net::ERR_CONNECTION_REFUSED @ http://localhost:3000/@vite/client:1034
[ 3633159ms] [ERROR] WebSocket connection to 'ws://localhost:3000/' failed: Error in connection establishment: net::ERR_CONNECTION_REFUSED @ http://localhost:3000/@vite/client:1034
[ 3640167ms] [ERROR] WebSocket connection to 'ws://localhost:3000/' failed: Error in connection establishment: net::ERR_CONNECTION_REFUSED @ http://localhost:3000/@vite/client:1034
[ 3646601ms] [ERROR] WebSocket connection to 'ws://localhost:3000/' failed: Error in connection establishment: net::ERR_CONNECTION_REFUSED @ http://localhost:3000/@vite/client:1034
[ 3652895ms] [ERROR] WebSocket connection to 'ws://localhost:3000/' failed: Error in connection establishment: net::ERR_CONNECTION_REFUSED @ http://localhost:3000/@vite/client:1034
[ 3660097ms] [ERROR] WebSocket connection to 'ws://localhost:3000/' failed: Error in connection establishment: net::ERR_CONNECTION_REFUSED @ http://localhost:3000/@vite/client:1034
[ 3668009ms] [ERROR] WebSocket connection to 'ws://localhost:3000/' failed: Error in connection establishment: net::ERR_CONNECTION_REFUSED @ http://localhost:3000/@vite/client:1034
[ 3675423ms] [ERROR] WebSocket connection to 'ws://localhost:3000/' failed: Error in connection establishment: net::ERR_CONNECTION_REFUSED @ http://localhost:3000/@vite/client:1034
[ 3680880ms] [ERROR] WebSocket connection to 'ws://localhost:3000/' failed: Error in connection establishment: net::ERR_CONNECTION_REFUSED @ http://localhost:3000/@vite/client:1034
[ 3686776ms] [ERROR] WebSocket connection to 'ws://localhost:3000/' failed: Error in connection establishment: net::ERR_CONNECTION_REFUSED @ http://localhost:3000/@vite/client:1034
[ 3693645ms] [ERROR] WebSocket connection to 'ws://localhost:3000/' failed: Error in connection establishment: net::ERR_CONNECTION_REFUSED @ http://localhost:3000/@vite/client:1034
[ 3698454ms] [ERROR] WebSocket connection to 'ws://localhost:3000/' failed: Error in connection establishment: net::ERR_CONNECTION_REFUSED @ http://localhost:3000/@vite/client:1034
[ 3704946ms] [ERROR] WebSocket connection to 'ws://localhost:3000/' failed: Error in connection establishment: net::ERR_CONNECTION_REFUSED @ http://localhost:3000/@vite/client:1034
[ 3713220ms] [ERROR] WebSocket connection to 'ws://localhost:3000/' failed: Error in connection establishment: net::ERR_CONNECTION_REFUSED @ http://localhost:3000/@vite/client:1034
[ 3718104ms] [ERROR] WebSocket connection to 'ws://localhost:3000/' failed: Error in connection establishment: net::ERR_CONNECTION_REFUSED @ http://localhost:3000/@vite/client:1034
[ 3726466ms] [ERROR] WebSocket connection to 'ws://localhost:3000/' failed: Error in connection establishment: net::ERR_CONNECTION_REFUSED @ http://localhost:3000/@vite/client:1034
[ 3734773ms] [ERROR] WebSocket connection to 'ws://localhost:3000/' failed: Error in connection establishment: net::ERR_CONNECTION_REFUSED @ http://localhost:3000/@vite/client:1034
[ 3742989ms] [ERROR] WebSocket connection to 'ws://localhost:3000/' failed: Error in connection establishment: net::ERR_CONNECTION_REFUSED @ http://localhost:3000/@vite/client:1034
[ 3750147ms] [ERROR] WebSocket connection to 'ws://localhost:3000/' failed: Error in connection establishment: net::ERR_CONNECTION_REFUSED @ http://localhost:3000/@vite/client:1034
[ 3758409ms] [ERROR] WebSocket connection to 'ws://localhost:3000/' failed: Error in connection establishment: net::ERR_CONNECTION_REFUSED @ http://localhost:3000/@vite/client:1034
[ 3765563ms] [ERROR] WebSocket connection to 'ws://localhost:3000/' failed: Error in connection establishment: net::ERR_CONNECTION_REFUSED @ http://localhost:3000/@vite/client:1034
[ 3771406ms] [ERROR] WebSocket connection to 'ws://localhost:3000/' failed: Error in connection establishment: net::ERR_CONNECTION_REFUSED @ http://localhost:3000/@vite/client:1034
[ 3778476ms] [ERROR] WebSocket connection to 'ws://localhost:3000/' failed: Error in connection establishment: net::ERR_CONNECTION_REFUSED @ http://localhost:3000/@vite/client:1034
[ 3785878ms] [ERROR] WebSocket connection to 'ws://localhost:3000/' failed: Error in connection establishment: net::ERR_CONNECTION_REFUSED @ http://localhost:3000/@vite/client:1034
[ 3792269ms] [ERROR] WebSocket connection to 'ws://localhost:3000/' failed: Error in connection establishment: net::ERR_CONNECTION_REFUSED @ http://localhost:3000/@vite/client:1034
[ 3800254ms] [ERROR] WebSocket connection to 'ws://localhost:3000/' failed: Error in connection establishment: net::ERR_CONNECTION_REFUSED @ http://localhost:3000/@vite/client:1034
[ 3807454ms] [ERROR] WebSocket connection to 'ws://localhost:3000/' failed: Error in connection establishment: net::ERR_CONNECTION_REFUSED @ http://localhost:3000/@vite/client:1034
[ 3812136ms] [ERROR] WebSocket connection to 'ws://localhost:3000/' failed: Error in connection establishment: net::ERR_CONNECTION_REFUSED @ http://localhost:3000/@vite/client:1034
[ 3820242ms] [ERROR] WebSocket connection to 'ws://localhost:3000/' failed: Error in connection establishment: net::ERR_CONNECTION_REFUSED @ http://localhost:3000/@vite/client:1034
[ 3827848ms] [ERROR] WebSocket connection to 'ws://localhost:3000/' failed: Error in connection establishment: net::ERR_CONNECTION_REFUSED @ http://localhost:3000/@vite/client:1034
[ 3833130ms] [ERROR] WebSocket connection to 'ws://localhost:3000/' failed: Error in connection establishment: net::ERR_CONNECTION_REFUSED @ http://localhost:3000/@vite/client:1034
[ 3840420ms] [ERROR] WebSocket connection to 'ws://localhost:3000/' failed: Error in connection establishment: net::ERR_CONNECTION_REFUSED @ http://localhost:3000/@vite/client:1034
[ 3847232ms] [ERROR] WebSocket connection to 'ws://localhost:3000/' failed: Error in connection establishment: net::ERR_CONNECTION_REFUSED @ http://localhost:3000/@vite/client:1034
[ 3854432ms] [ERROR] WebSocket connection to 'ws://localhost:3000/' failed: Error in connection establishment: net::ERR_CONNECTION_REFUSED @ http://localhost:3000/@vite/client:1034
[ 3859125ms] [ERROR] WebSocket connection to 'ws://localhost:3000/' failed: Error in connection establishment: net::ERR_CONNECTION_REFUSED @ http://localhost:3000/@vite/client:1034
[ 3865336ms] [ERROR] WebSocket connection to 'ws://localhost:3000/' failed: Error in connection establishment: net::ERR_CONNECTION_REFUSED @ http://localhost:3000/@vite/client:1034
[ 3873170ms] [ERROR] WebSocket connection to 'ws://localhost:3000/' failed: Error in connection establishment: net::ERR_CONNECTION_REFUSED @ http://localhost:3000/@vite/client:1034
[ 3880182ms] [ERROR] WebSocket connection to 'ws://localhost:3000/' failed: Error in connection establishment: net::ERR_CONNECTION_REFUSED @ http://localhost:3000/@vite/client:1034
[ 3888269ms] [ERROR] WebSocket connection to 'ws://localhost:3000/' failed: Error in connection establishment: net::ERR_CONNECTION_REFUSED @ http://localhost:3000/@vite/client:1034
[ 3895902ms] [ERROR] WebSocket connection to 'ws://localhost:3000/' failed: Error in connection establishment: net::ERR_CONNECTION_REFUSED @ http://localhost:3000/@vite/client:1034
[ 3902972ms] [ERROR] WebSocket connection to 'ws://localhost:3000/' failed: Error in connection establishment: net::ERR_CONNECTION_REFUSED @ http://localhost:3000/@vite/client:1034
[ 3907467ms] [ERROR] WebSocket connection to 'ws://localhost:3000/' failed: Error in connection establishment: net::ERR_CONNECTION_REFUSED @ http://localhost:3000/@vite/client:1034
[ 3912221ms] [ERROR] WebSocket connection to 'ws://localhost:3000/' failed: Error in connection establishment: net::ERR_CONNECTION_REFUSED @ http://localhost:3000/@vite/client:1034
[ 3917563ms] [ERROR] WebSocket connection to 'ws://localhost:3000/' failed: Error in connection establishment: net::ERR_CONNECTION_REFUSED @ http://localhost:3000/@vite/client:1034
[ 3923393ms] [ERROR] WebSocket connection to 'ws://localhost:3000/' failed: Error in connection establishment: net::ERR_CONNECTION_REFUSED @ http://localhost:3000/@vite/client:1034
[ 3929175ms] [ERROR] WebSocket connection to 'ws://localhost:3000/' failed: Error in connection establishment: net::ERR_CONNECTION_REFUSED @ http://localhost:3000/@vite/client:1034
[ 3933783ms] [ERROR] WebSocket connection to 'ws://localhost:3000/' failed: Error in connection establishment: net::ERR_CONNECTION_REFUSED @ http://localhost:3000/@vite/client:1034
[ 3941602ms] [ERROR] WebSocket connection to 'ws://localhost:3000/' failed: Error in connection establishment: net::ERR_CONNECTION_REFUSED @ http://localhost:3000/@vite/client:1034
[ 3947752ms] [ERROR] WebSocket connection to 'ws://localhost:3000/' failed: Error in connection establishment: net::ERR_CONNECTION_REFUSED @ http://localhost:3000/@vite/client:1034
[ 3955040ms] [ERROR] WebSocket connection to 'ws://localhost:3000/' failed: Error in connection establishment: net::ERR_CONNECTION_REFUSED @ http://localhost:3000/@vite/client:1034
[ 3959540ms] [ERROR] WebSocket connection to 'ws://localhost:3000/' failed: Error in connection establishment: net::ERR_CONNECTION_REFUSED @ http://localhost:3000/@vite/client:1034
[ 3967477ms] [ERROR] WebSocket connection to 'ws://localhost:3000/' failed: Error in connection establishment: net::ERR_CONNECTION_REFUSED @ http://localhost:3000/@vite/client:1034
[ 3975052ms] [ERROR] WebSocket connection to 'ws://localhost:3000/' failed: Error in connection establishment: net::ERR_CONNECTION_REFUSED @ http://localhost:3000/@vite/client:1034
[ 3981380ms] [ERROR] WebSocket connection to 'ws://localhost:3000/' failed: Error in connection establishment: net::ERR_CONNECTION_REFUSED @ http://localhost:3000/@vite/client:1034
[ 3986053ms] [ERROR] WebSocket connection to 'ws://localhost:3000/' failed: Error in connection establishment: net::ERR_CONNECTION_REFUSED @ http://localhost:3000/@vite/client:1034
[ 3993718ms] [ERROR] WebSocket connection to 'ws://localhost:3000/' failed: Error in connection establishment: net::ERR_CONNECTION_REFUSED @ http://localhost:3000/@vite/client:1034
[ 4001397ms] [ERROR] WebSocket connection to 'ws://localhost:3000/' failed: Error in connection establishment: net::ERR_CONNECTION_REFUSED @ http://localhost:3000/@vite/client:1034
[ 4007165ms] [ERROR] WebSocket connection to 'ws://localhost:3000/' failed: Error in connection establishment: net::ERR_CONNECTION_REFUSED @ http://localhost:3000/@vite/client:1034
[ 4012897ms] [ERROR] WebSocket connection to 'ws://localhost:3000/' failed: Error in connection establishment: net::ERR_CONNECTION_REFUSED @ http://localhost:3000/@vite/client:1034
[ 4020884ms] [ERROR] WebSocket connection to 'ws://localhost:3000/' failed: Error in connection establishment: net::ERR_CONNECTION_REFUSED @ http://localhost:3000/@vite/client:1034
[ 4028697ms] [ERROR] WebSocket connection to 'ws://localhost:3000/' failed: Error in connection establishment: net::ERR_CONNECTION_REFUSED @ http://localhost:3000/@vite/client:1034
[ 4034759ms] [ERROR] WebSocket connection to 'ws://localhost:3000/' failed: Error in connection establishment: net::ERR_CONNECTION_REFUSED @ http://localhost:3000/@vite/client:1034
[ 4042061ms] [ERROR] WebSocket connection to 'ws://localhost:3000/' failed: Error in connection establishment: net::ERR_CONNECTION_REFUSED @ http://localhost:3000/@vite/client:1034
[ 4048672ms] [ERROR] WebSocket connection to 'ws://localhost:3000/' failed: Error in connection establishment: net::ERR_CONNECTION_REFUSED @ http://localhost:3000/@vite/client:1034
[ 4053508ms] [ERROR] WebSocket connection to 'ws://localhost:3000/' failed: Error in connection establishment: net::ERR_CONNECTION_REFUSED @ http://localhost:3000/@vite/client:1034
[ 4060804ms] [ERROR] WebSocket connection to 'ws://localhost:3000/' failed: Error in connection establishment: net::ERR_CONNECTION_REFUSED @ http://localhost:3000/@vite/client:1034
[ 4066946ms] [ERROR] WebSocket connection to 'ws://localhost:3000/' failed: Error in connection establishment: net::ERR_CONNECTION_REFUSED @ http://localhost:3000/@vite/client:1034
[ 4073404ms] [ERROR] WebSocket connection to 'ws://localhost:3000/' failed: Error in connection establishment: net::ERR_CONNECTION_REFUSED @ http://localhost:3000/@vite/client:1034
[ 4079944ms] [ERROR] WebSocket connection to 'ws://localhost:3000/' failed: Error in connection establishment: net::ERR_CONNECTION_REFUSED @ http://localhost:3000/@vite/client:1034
[ 4086945ms] [ERROR] WebSocket connection to 'ws://localhost:3000/' failed: Error in connection establishment: net::ERR_CONNECTION_REFUSED @ http://localhost:3000/@vite/client:1034
[ 4093073ms] [ERROR] WebSocket connection to 'ws://localhost:3000/' failed: Error in connection establishment: net::ERR_CONNECTION_REFUSED @ http://localhost:3000/@vite/client:1034
[ 4098057ms] [ERROR] WebSocket connection to 'ws://localhost:3000/' failed: Error in connection establishment: net::ERR_CONNECTION_REFUSED @ http://localhost:3000/@vite/client:1034
[ 4103369ms] [ERROR] WebSocket connection to 'ws://localhost:3000/' failed: Error in connection establishment: net::ERR_CONNECTION_REFUSED @ http://localhost:3000/@vite/client:1034
[ 4110726ms] [ERROR] WebSocket connection to 'ws://localhost:3000/' failed: Error in connection establishment: net::ERR_CONNECTION_REFUSED @ http://localhost:3000/@vite/client:1034
[ 4117624ms] [ERROR] WebSocket connection to 'ws://localhost:3000/' failed: Error in connection establishment: net::ERR_CONNECTION_REFUSED @ http://localhost:3000/@vite/client:1034
[ 4124384ms] [ERROR] WebSocket connection to 'ws://localhost:3000/' failed: Error in connection establishment: net::ERR_CONNECTION_REFUSED @ http://localhost:3000/@vite/client:1034
[ 4129516ms] [ERROR] WebSocket connection to 'ws://localhost:3000/' failed: Error in connection establishment: net::ERR_CONNECTION_REFUSED @ http://localhost:3000/@vite/client:1034
[ 4137493ms] [ERROR] WebSocket connection to 'ws://localhost:3000/' failed: Error in connection establishment: net::ERR_CONNECTION_REFUSED @ http://localhost:3000/@vite/client:1034
[ 4142685ms] [ERROR] WebSocket connection to 'ws://localhost:3000/' failed: Error in connection establishment: net::ERR_CONNECTION_REFUSED @ http://localhost:3000/@vite/client:1034
[ 4148459ms] [ERROR] WebSocket connection to 'ws://localhost:3000/' failed: Error in connection establishment: net::ERR_CONNECTION_REFUSED @ http://localhost:3000/@vite/client:1034
[ 4152840ms] [ERROR] WebSocket connection to 'ws://localhost:3000/' failed: Error in connection establishment: net::ERR_CONNECTION_REFUSED @ http://localhost:3000/@vite/client:1034
[ 4160945ms] [ERROR] WebSocket connection to 'ws://localhost:3000/' failed: Error in connection establishment: net::ERR_CONNECTION_REFUSED @ http://localhost:3000/@vite/client:1034
[ 4168152ms] [ERROR] WebSocket connection to 'ws://localhost:3000/' failed: Error in connection establishment: net::ERR_CONNECTION_REFUSED @ http://localhost:3000/@vite/client:1034
[ 4176471ms] [ERROR] WebSocket connection to 'ws://localhost:3000/' failed: Error in connection establishment: net::ERR_CONNECTION_REFUSED @ http://localhost:3000/@vite/client:1034
[ 4181952ms] [ERROR] WebSocket connection to 'ws://localhost:3000/' failed: Error in connection establishment: net::ERR_CONNECTION_REFUSED @ http://localhost:3000/@vite/client:1034
[ 4186925ms] [ERROR] WebSocket connection to 'ws://localhost:3000/' failed: Error in connection establishment: net::ERR_CONNECTION_REFUSED @ http://localhost:3000/@vite/client:1034
[ 4192192ms] [ERROR] WebSocket connection to 'ws://localhost:3000/' failed: Error in connection establishment: net::ERR_CONNECTION_REFUSED @ http://localhost:3000/@vite/client:1034
[ 4199908ms] [ERROR] WebSocket connection to 'ws://localhost:3000/' failed: Error in connection establishment: net::ERR_CONNECTION_REFUSED @ http://localhost:3000/@vite/client:1034
[ 4207460ms] [ERROR] WebSocket connection to 'ws://localhost:3000/' failed: Error in connection establishment: net::ERR_CONNECTION_REFUSED @ http://localhost:3000/@vite/client:1034
[ 4213854ms] [ERROR] WebSocket connection to 'ws://localhost:3000/' failed: Error in connection establishment: net::ERR_CONNECTION_REFUSED @ http://localhost:3000/@vite/client:1034
[ 4220896ms] [ERROR] WebSocket connection to 'ws://localhost:3000/' failed: Error in connection establishment: net::ERR_CONNECTION_REFUSED @ http://localhost:3000/@vite/client:1034
[ 4227648ms] [ERROR] WebSocket connection to 'ws://localhost:3000/' failed: Error in connection establishment: net::ERR_CONNECTION_REFUSED @ http://localhost:3000/@vite/client:1034
[ 4234786ms] [ERROR] WebSocket connection to 'ws://localhost:3000/' failed: Error in connection establishment: net::ERR_CONNECTION_REFUSED @ http://localhost:3000/@vite/client:1034
[ 4240454ms] [ERROR] WebSocket connection to 'ws://localhost:3000/' failed: Error in connection establishment: net::ERR_CONNECTION_REFUSED @ http://localhost:3000/@vite/client:1034
[ 4247991ms] [ERROR] WebSocket connection to 'ws://localhost:3000/' failed: Error in connection establishment: net::ERR_CONNECTION_REFUSED @ http://localhost:3000/@vite/client:1034
[ 4254094ms] [ERROR] WebSocket connection to 'ws://localhost:3000/' failed: Error in connection establishment: net::ERR_CONNECTION_REFUSED @ http://localhost:3000/@vite/client:1034
[ 4262237ms] [ERROR] WebSocket connection to 'ws://localhost:3000/' failed: Error in connection establishment: net::ERR_CONNECTION_REFUSED @ http://localhost:3000/@vite/client:1034
[ 4267806ms] [ERROR] WebSocket connection to 'ws://localhost:3000/' failed: Error in connection establishment: net::ERR_CONNECTION_REFUSED @ http://localhost:3000/@vite/client:1034
[ 4273321ms] [ERROR] WebSocket connection to 'ws://localhost:3000/' failed: Error in connection establishment: net::ERR_CONNECTION_REFUSED @ http://localhost:3000/@vite/client:1034
[ 4279803ms] [ERROR] WebSocket connection to 'ws://localhost:3000/' failed: Error in connection establishment: net::ERR_CONNECTION_REFUSED @ http://localhost:3000/@vite/client:1034
[ 4286010ms] [ERROR] WebSocket connection to 'ws://localhost:3000/' failed: Error in connection establishment: net::ERR_CONNECTION_REFUSED @ http://localhost:3000/@vite/client:1034
[ 4291733ms] [ERROR] WebSocket connection to 'ws://localhost:3000/' failed: Error in connection establishment: net::ERR_CONNECTION_REFUSED @ http://localhost:3000/@vite/client:1034
[ 4298208ms] [ERROR] WebSocket connection to 'ws://localhost:3000/' failed: Error in connection establishment: net::ERR_CONNECTION_REFUSED @ http://localhost:3000/@vite/client:1034
[ 4303276ms] [ERROR] WebSocket connection to 'ws://localhost:3000/' failed: Error in connection establishment: net::ERR_CONNECTION_REFUSED @ http://localhost:3000/@vite/client:1034
[ 4308693ms] [ERROR] WebSocket connection to 'ws://localhost:3000/' failed: Error in connection establishment: net::ERR_CONNECTION_REFUSED @ http://localhost:3000/@vite/client:1034
[ 4316184ms] [ERROR] WebSocket connection to 'ws://localhost:3000/' failed: Error in connection establishment: net::ERR_CONNECTION_REFUSED @ http://localhost:3000/@vite/client:1034
[ 4320866ms] [ERROR] WebSocket connection to 'ws://localhost:3000/' failed: Error in connection establishment: net::ERR_CONNECTION_REFUSED @ http://localhost:3000/@vite/client:1034
[ 4327483ms] [ERROR] WebSocket connection to 'ws://localhost:3000/' failed: Error in connection establishment: net::ERR_CONNECTION_REFUSED @ http://localhost:3000/@vite/client:1034
[ 4334057ms] [ERROR] WebSocket connection to 'ws://localhost:3000/' failed: Error in connection establishment: net::ERR_CONNECTION_REFUSED @ http://localhost:3000/@vite/client:1034
[ 4339193ms] [ERROR] WebSocket connection to 'ws://localhost:3000/' failed: Error in connection establishment: net::ERR_CONNECTION_REFUSED @ http://localhost:3000/@vite/client:1034
[ 4343730ms] [ERROR] WebSocket connection to 'ws://localhost:3000/' failed: Error in connection establishment: net::ERR_CONNECTION_REFUSED @ http://localhost:3000/@vite/client:1034
[ 4351087ms] [ERROR] WebSocket connection to 'ws://localhost:3000/' failed: Error in connection establishment: net::ERR_CONNECTION_REFUSED @ http://localhost:3000/@vite/client:1034
[ 4356682ms] [ERROR] WebSocket connection to 'ws://localhost:3000/' failed: Error in connection establishment: net::ERR_CONNECTION_REFUSED @ http://localhost:3000/@vite/client:1034
[ 4363101ms] [ERROR] WebSocket connection to 'ws://localhost:3000/' failed: Error in connection establishment: net::ERR_CONNECTION_REFUSED @ http://localhost:3000/@vite/client:1034
[ 4368361ms] [ERROR] WebSocket connection to 'ws://localhost:3000/' failed: Error in connection establishment: net::ERR_CONNECTION_REFUSED @ http://localhost:3000/@vite/client:1034
[ 4376192ms] [ERROR] WebSocket connection to 'ws://localhost:3000/' failed: Error in connection establishment: net::ERR_CONNECTION_REFUSED @ http://localhost:3000/@vite/client:1034
[ 4383516ms] [ERROR] WebSocket connection to 'ws://localhost:3000/' failed: Error in connection establishment: net::ERR_CONNECTION_REFUSED @ http://localhost:3000/@vite/client:1034
[ 4391624ms] [ERROR] WebSocket connection to 'ws://localhost:3000/' failed: Error in connection establishment: net::ERR_CONNECTION_REFUSED @ http://localhost:3000/@vite/client:1034
[ 4397585ms] [ERROR] WebSocket connection to 'ws://localhost:3000/' failed: Error in connection establishment: net::ERR_CONNECTION_REFUSED @ http://localhost:3000/@vite/client:1034
[ 4404279ms] [ERROR] WebSocket connection to 'ws://localhost:3000/' failed: Error in connection establishment: net::ERR_CONNECTION_REFUSED @ http://localhost:3000/@vite/client:1034
[ 4410367ms] [ERROR] WebSocket connection to 'ws://localhost:3000/' failed: Error in connection establishment: net::ERR_CONNECTION_REFUSED @ http://localhost:3000/@vite/client:1034
[ 4417924ms] [ERROR] WebSocket connection to 'ws://localhost:3000/' failed: Error in connection establishment: net::ERR_CONNECTION_REFUSED @ http://localhost:3000/@vite/client:1034
[ 4424133ms] [ERROR] WebSocket connection to 'ws://localhost:3000/' failed: Error in connection establishment: net::ERR_CONNECTION_REFUSED @ http://localhost:3000/@vite/client:1034
[ 4432118ms] [ERROR] WebSocket connection to 'ws://localhost:3000/' failed: Error in connection establishment: net::ERR_CONNECTION_REFUSED @ http://localhost:3000/@vite/client:1034
[ 4437581ms] [ERROR] WebSocket connection to 'ws://localhost:3000/' failed: Error in connection establishment: net::ERR_CONNECTION_REFUSED @ http://localhost:3000/@vite/client:1034
[ 4442256ms] [ERROR] WebSocket connection to 'ws://localhost:3000/' failed: Error in connection establishment: net::ERR_CONNECTION_REFUSED @ http://localhost:3000/@vite/client:1034
[ 4448660ms] [ERROR] WebSocket connection to 'ws://localhost:3000/' failed: Error in connection establishment: net::ERR_CONNECTION_REFUSED @ http://localhost:3000/@vite/client:1034
[ 4456151ms] [ERROR] WebSocket connection to 'ws://localhost:3000/' failed: Error in connection establishment: net::ERR_CONNECTION_REFUSED @ http://localhost:3000/@vite/client:1034
[ 4463862ms] [ERROR] WebSocket connection to 'ws://localhost:3000/' failed: Error in connection establishment: net::ERR_CONNECTION_REFUSED @ http://localhost:3000/@vite/client:1034
[ 4471709ms] [ERROR] WebSocket connection to 'ws://localhost:3000/' failed: Error in connection establishment: net::ERR_CONNECTION_REFUSED @ http://localhost:3000/@vite/client:1034
[ 4478785ms] [ERROR] WebSocket connection to 'ws://localhost:3000/' failed: Error in connection establishment: net::ERR_CONNECTION_REFUSED @ http://localhost:3000/@vite/client:1034
[ 4484486ms] [ERROR] WebSocket connection to 'ws://localhost:3000/' failed: Error in connection establishment: net::ERR_CONNECTION_REFUSED @ http://localhost:3000/@vite/client:1034
[ 4492037ms] [ERROR] WebSocket connection to 'ws://localhost:3000/' failed: Error in connection establishment: net::ERR_CONNECTION_REFUSED @ http://localhost:3000/@vite/client:1034
[ 4496489ms] [ERROR] WebSocket connection to 'ws://localhost:3000/' failed: Error in connection establishment: net::ERR_CONNECTION_REFUSED @ http://localhost:3000/@vite/client:1034
[ 4501938ms] [ERROR] WebSocket connection to 'ws://localhost:3000/' failed: Error in connection establishment: net::ERR_CONNECTION_REFUSED @ http://localhost:3000/@vite/client:1034
[ 4509871ms] [ERROR] WebSocket connection to 'ws://localhost:3000/' failed: Error in connection establishment: net::ERR_CONNECTION_REFUSED @ http://localhost:3000/@vite/client:1034
[ 4517304ms] [ERROR] WebSocket connection to 'ws://localhost:3000/' failed: Error in connection establishment: net::ERR_CONNECTION_REFUSED @ http://localhost:3000/@vite/client:1034
[ 4525521ms] [ERROR] WebSocket connection to 'ws://localhost:3000/' failed: Error in connection establishment: net::ERR_CONNECTION_REFUSED @ http://localhost:3000/@vite/client:1034
[ 4531230ms] [ERROR] WebSocket connection to 'ws://localhost:3000/' failed: Error in connection establishment: net::ERR_CONNECTION_REFUSED @ http://localhost:3000/@vite/client:1034
[ 4536146ms] [ERROR] WebSocket connection to 'ws://localhost:3000/' failed: Error in connection establishment: net::ERR_CONNECTION_REFUSED @ http://localhost:3000/@vite/client:1034
[ 4543723ms] [ERROR] WebSocket connection to 'ws://localhost:3000/' failed: Error in connection establishment: net::ERR_CONNECTION_REFUSED @ http://localhost:3000/@vite/client:1034
[ 4549942ms] [ERROR] WebSocket connection to 'ws://localhost:3000/' failed: Error in connection establishment: net::ERR_CONNECTION_REFUSED @ http://localhost:3000/@vite/client:1034
[ 4556669ms] [ERROR] WebSocket connection to 'ws://localhost:3000/' failed: Error in connection establishment: net::ERR_CONNECTION_REFUSED @ http://localhost:3000/@vite/client:1034
[ 4563708ms] [ERROR] WebSocket connection to 'ws://localhost:3000/' failed: Error in connection establishment: net::ERR_CONNECTION_REFUSED @ http://localhost:3000/@vite/client:1034
[ 4571819ms] [ERROR] WebSocket connection to 'ws://localhost:3000/' failed: Error in connection establishment: net::ERR_CONNECTION_REFUSED @ http://localhost:3000/@vite/client:1034
[ 4576793ms] [ERROR] WebSocket connection to 'ws://localhost:3000/' failed: Error in connection establishment: net::ERR_CONNECTION_REFUSED @ http://localhost:3000/@vite/client:1034
[ 4583991ms] [ERROR] WebSocket connection to 'ws://localhost:3000/' failed: Error in connection establishment: net::ERR_CONNECTION_REFUSED @ http://localhost:3000/@vite/client:1034
[ 4589645ms] [ERROR] WebSocket connection to 'ws://localhost:3000/' failed: Error in connection establishment: net::ERR_CONNECTION_REFUSED @ http://localhost:3000/@vite/client:1034
[ 4596377ms] [ERROR] WebSocket connection to 'ws://localhost:3000/' failed: Error in connection establishment: net::ERR_CONNECTION_REFUSED @ http://localhost:3000/@vite/client:1034
[ 4603502ms] [ERROR] WebSocket connection to 'ws://localhost:3000/' failed: Error in connection establishment: net::ERR_CONNECTION_REFUSED @ http://localhost:3000/@vite/client:1034
[ 4611362ms] [ERROR] WebSocket connection to 'ws://localhost:3000/' failed: Error in connection establishment: net::ERR_CONNECTION_REFUSED @ http://localhost:3000/@vite/client:1034
[ 4617289ms] [ERROR] WebSocket connection to 'ws://localhost:3000/' failed: Error in connection establishment: net::ERR_CONNECTION_REFUSED @ http://localhost:3000/@vite/client:1034
[ 4625247ms] [ERROR] WebSocket connection to 'ws://localhost:3000/' failed: Error in connection establishment: net::ERR_CONNECTION_REFUSED @ http://localhost:3000/@vite/client:1034
[ 4632456ms] [ERROR] WebSocket connection to 'ws://localhost:3000/' failed: Error in connection establishment: net::ERR_CONNECTION_REFUSED @ http://localhost:3000/@vite/client:1034
